-- Adminer 4.7.5 MySQL dump

SET NAMES utf8;
SET time_zone = '+00:00';
SET foreign_key_checks = 0;
SET sql_mode = 'NO_AUTO_VALUE_ON_ZERO';

DROP TABLE IF EXISTS `categories`;
CREATE TABLE `categories` (
  `id` int NOT NULL AUTO_INCREMENT,
  `name` varchar(55) DEFAULT NULL,
  `active` tinyint DEFAULT '1',
  `deleted` tinyint DEFAULT '0',
  PRIMARY KEY (`id`)
) ENGINE=InnoDB DEFAULT CHARSET=utf8;

INSERT INTO `categories` (`id`, `name`, `active`, `deleted`) VALUES
(1,	'India History',	1,	0);

DROP TABLE IF EXISTS `education_levels`;
CREATE TABLE `education_levels` (
  `id` int NOT NULL AUTO_INCREMENT,
  `name` varchar(55) DEFAULT NULL,
  PRIMARY KEY (`id`)
) ENGINE=InnoDB DEFAULT CHARSET=utf8;

INSERT INTO `education_levels` (`id`, `name`) VALUES
(1,	'Class 5'),
(2,	'Class 6'),
(3,	'Class 7'),
(4,	'Class 8'),
(5,	'Class 9'),
(6,	'Class 10'),
(7,	'Intermediate 1st Year / Class 11'),
(8,	'Intermediate 2nd Year / Class 12'),
(9,	'General'),
(10,	'Degree');

DROP TABLE IF EXISTS `exam_categories`;
CREATE TABLE `exam_categories` (
  `id` bigint NOT NULL AUTO_INCREMENT,
  `exam_id` bigint DEFAULT NULL,
  `category_id` int DEFAULT NULL,
  PRIMARY KEY (`id`)
) ENGINE=InnoDB DEFAULT CHARSET=utf8;

INSERT INTO `exam_categories` (`id`, `exam_id`, `category_id`) VALUES
(1,	12,	1);

SET NAMES utf8mb4;

DROP TABLE IF EXISTS `exam_questions`;
CREATE TABLE `exam_questions` (
  `id` bigint NOT NULL AUTO_INCREMENT,
  `exam_id` bigint NOT NULL,
  `question_id` bigint NOT NULL,
  `sort` int NOT NULL,
  PRIMARY KEY (`id`),
  KEY `exam_id` (`exam_id`),
  KEY `question_id` (`question_id`)
) ENGINE=InnoDB DEFAULT CHARSET=utf8mb4 COLLATE=utf8mb4_0900_ai_ci;

INSERT INTO `exam_questions` (`id`, `exam_id`, `question_id`, `sort`) VALUES
(10,	1,	5,	1616471116),
(11,	1,	4,	1616471120),
(16,	1,	8,	1616471134),
(22,	1,	10,	1616477712),
(23,	1,	9,	1616477717),
(26,	1,	7,	1616478213),
(27,	1,	2,	1616478218),
(28,	1,	12,	1616478358),
(30,	1,	1,	1616478363),
(31,	1,	3,	1616478364),
(33,	2,	7,	1616478530),
(34,	2,	8,	1616478533),
(35,	3,	8,	1616486077),
(36,	3,	6,	1616486080),
(37,	3,	4,	1616486083),
(38,	3,	3,	1616486085),
(39,	3,	2,	1616486086),
(40,	3,	1,	1616486088),
(41,	3,	11,	1616486092),
(42,	3,	12,	1616486093),
(43,	3,	9,	1616486095),
(44,	3,	7,	1616486097),
(45,	4,	17,	1616851640),
(46,	4,	16,	1616851640),
(47,	4,	14,	1616851643),
(48,	4,	8,	1616851645),
(49,	4,	7,	1616851646),
(50,	4,	6,	1616851646),
(51,	4,	5,	1616851646),
(52,	4,	4,	1616851648),
(53,	4,	3,	1616851648),
(54,	4,	2,	1616851649),
(55,	4,	1,	1616851650),
(56,	4,	12,	1616851652),
(57,	4,	13,	1616851653),
(58,	4,	15,	1616851653),
(59,	6,	36,	1616907459),
(60,	6,	34,	1616907463),
(61,	6,	32,	1616907466),
(62,	6,	31,	1616907466),
(63,	6,	27,	1616907469),
(64,	6,	35,	1616907476),
(65,	6,	33,	1616907477),
(66,	6,	28,	1616907479),
(67,	6,	29,	1616907480),
(68,	6,	30,	1616907480),
(69,	6,	12,	1616907489),
(70,	6,	5,	1616907500),
(71,	6,	18,	1616907526),
(72,	6,	19,	1616907526),
(73,	6,	20,	1616907527),
(74,	6,	21,	1616907527),
(75,	6,	1,	1616907543),
(76,	6,	23,	1616907549),
(77,	6,	17,	1616907557),
(78,	6,	16,	1616907564),
(79,	7,	56,	1616934509),
(80,	7,	55,	1616934510),
(81,	7,	54,	1616934511),
(82,	7,	53,	1616934512),
(83,	7,	52,	1616934513),
(84,	7,	51,	1616934514),
(85,	7,	50,	1616934516),
(86,	7,	49,	1616934517),
(87,	7,	48,	1616934518),
(88,	7,	47,	1616934518),
(89,	7,	46,	1616934519),
(90,	7,	45,	1616934520),
(91,	7,	44,	1616934521),
(92,	7,	43,	1616934523),
(93,	7,	42,	1616934524),
(94,	7,	41,	1616934524),
(95,	7,	40,	1616934525),
(96,	7,	39,	1616934526),
(97,	7,	38,	1616934527),
(98,	7,	37,	1616934528),
(99,	9,	5,	1617396029),
(100,	9,	18,	1617396036),
(101,	9,	22,	1617396044),
(102,	9,	23,	1617396046),
(103,	9,	24,	1617396050),
(104,	9,	27,	1617396055),
(105,	9,	29,	1617396071),
(106,	9,	30,	1617396072),
(107,	9,	31,	1617396074),
(108,	9,	34,	1617396083),
(109,	10,	216,	1617424883),
(110,	10,	215,	1617424884),
(111,	10,	214,	1617424886),
(113,	10,	212,	1617424890),
(114,	10,	211,	1617424890),
(115,	10,	210,	1617424892),
(116,	10,	209,	1617424893),
(117,	10,	208,	1617424896),
(118,	10,	206,	1617424898),
(119,	10,	205,	1617424899),
(120,	10,	201,	1617424901),
(121,	10,	198,	1617424907),
(122,	10,	195,	1617424909),
(123,	10,	194,	1617424911),
(124,	10,	193,	1617424912),
(125,	10,	187,	1617424915),
(126,	10,	185,	1617424918),
(127,	10,	182,	1617424920),
(128,	10,	175,	1617424926),
(129,	10,	170,	1617424931),
(130,	10,	169,	1617424932),
(131,	10,	167,	1617424953),
(132,	10,	161,	1617424958),
(133,	10,	147,	1617424971),
(134,	10,	140,	1617424978),
(135,	10,	131,	1617424983),
(136,	10,	127,	1617424988),
(137,	10,	123,	1617424993),
(138,	10,	109,	1617425025),
(139,	10,	98,	1617425032),
(141,	11,	290,	1617595702),
(142,	11,	291,	1617595702),
(143,	11,	292,	1617595703),
(144,	11,	294,	1617595703),
(145,	11,	295,	1617595703),
(146,	11,	293,	1617595706),
(147,	11,	278,	1617595708),
(148,	11,	279,	1617595708),
(149,	11,	280,	1617595708),
(150,	11,	281,	1617595709),
(151,	11,	284,	1617595710),
(152,	11,	285,	1617595710),
(153,	11,	283,	1617595713),
(154,	11,	282,	1617595713),
(155,	11,	286,	1617595713),
(156,	11,	263,	1617595715),
(157,	11,	264,	1617595715),
(158,	11,	265,	1617595715),
(159,	11,	266,	1617595715),
(160,	11,	269,	1617595719),
(161,	12,	353,	1617636396),
(162,	12,	352,	1617636397),
(163,	12,	351,	1617636397),
(164,	12,	350,	1617636398),
(165,	12,	349,	1617636399),
(166,	12,	348,	1617636399),
(167,	12,	347,	1617636400),
(168,	12,	346,	1617636401),
(169,	12,	345,	1617636401),
(170,	12,	344,	1617636402),
(171,	12,	343,	1617636403),
(172,	12,	342,	1617636404),
(173,	12,	341,	1617636404),
(174,	12,	340,	1617636405),
(175,	12,	339,	1617636405),
(176,	12,	338,	1617636406),
(177,	12,	337,	1617636406),
(178,	12,	336,	1617636407),
(179,	12,	335,	1617636408),
(180,	12,	334,	1617636408),
(181,	12,	333,	1617636409),
(182,	12,	332,	1617636409),
(183,	12,	331,	1617636410),
(184,	12,	330,	1617636410),
(185,	12,	329,	1617636411),
(186,	12,	328,	1617636411),
(187,	12,	326,	1617636413),
(188,	12,	327,	1617636414),
(189,	12,	325,	1617636415),
(190,	12,	324,	1617636415),
(191,	12,	323,	1617636416),
(192,	12,	322,	1617636416),
(193,	12,	321,	1617636417),
(194,	12,	320,	1617636417),
(195,	12,	319,	1617636418),
(196,	12,	318,	1617636418),
(197,	12,	317,	1617636419),
(198,	12,	316,	1617636420),
(199,	12,	315,	1617636421),
(200,	12,	314,	1617636421),
(201,	12,	313,	1617636421),
(202,	12,	312,	1617636422),
(203,	12,	311,	1617636423),
(204,	12,	310,	1617636424),
(205,	12,	309,	1617636425),
(206,	12,	308,	1617636425),
(207,	12,	307,	1617636425),
(208,	12,	306,	1617636426),
(209,	12,	305,	1617636426),
(210,	12,	304,	1617636426),
(211,	12,	254,	1617636448),
(212,	12,	255,	1617636448),
(213,	12,	256,	1617636449),
(214,	12,	257,	1617636449),
(215,	12,	258,	1617636449),
(216,	12,	259,	1617636450),
(217,	12,	260,	1617636450),
(218,	12,	261,	1617636450),
(219,	12,	262,	1617636452),
(220,	12,	263,	1617636452),
(221,	12,	264,	1617636453),
(222,	12,	265,	1617636453),
(223,	12,	266,	1617636454),
(224,	12,	267,	1617636455),
(225,	12,	268,	1617636455),
(226,	12,	269,	1617636456),
(227,	12,	270,	1617636456),
(228,	12,	271,	1617636456),
(229,	12,	272,	1617636457),
(230,	12,	273,	1617636458),
(231,	12,	274,	1617636458),
(232,	12,	275,	1617636460),
(233,	12,	276,	1617636461),
(234,	12,	277,	1617636461),
(235,	12,	278,	1617636462),
(236,	12,	279,	1617636463),
(237,	12,	280,	1617636463),
(238,	12,	281,	1617636465),
(239,	12,	282,	1617636465),
(240,	12,	283,	1617636466),
(241,	12,	284,	1617636466),
(242,	12,	285,	1617636467),
(243,	12,	286,	1617636467),
(244,	12,	287,	1617636467),
(245,	12,	288,	1617636468),
(246,	12,	289,	1617636469),
(247,	12,	290,	1617636469),
(248,	12,	291,	1617636470),
(249,	12,	292,	1617636471),
(250,	12,	293,	1617636471),
(251,	12,	294,	1617636471),
(252,	12,	295,	1617636473),
(253,	12,	296,	1617636473),
(254,	12,	297,	1617636475),
(255,	12,	298,	1617636475),
(256,	12,	299,	1617636476),
(257,	12,	300,	1617636477),
(258,	12,	301,	1617636477),
(259,	12,	302,	1617636478),
(260,	12,	303,	1617636478),
(261,	12,	253,	1617636612),
(262,	12,	252,	1617636613),
(263,	12,	251,	1617636613),
(264,	12,	250,	1617636614),
(265,	12,	249,	1617636615),
(266,	12,	248,	1617636615),
(267,	12,	247,	1617636616),
(268,	12,	246,	1617636616),
(269,	12,	245,	1617636618),
(270,	12,	244,	1617636619),
(271,	12,	243,	1617636619),
(272,	12,	242,	1617636621),
(273,	12,	241,	1617636622),
(274,	12,	240,	1617636623),
(275,	12,	239,	1617636626),
(276,	12,	238,	1617636627),
(277,	12,	237,	1617636627),
(278,	12,	236,	1617636628),
(279,	12,	235,	1617636629),
(280,	12,	234,	1617636630),
(281,	12,	233,	1617636631),
(282,	12,	232,	1617636631),
(283,	12,	231,	1617636632),
(284,	12,	230,	1617636633),
(285,	12,	229,	1617636634),
(286,	12,	228,	1617636634),
(287,	12,	227,	1617636637),
(288,	12,	226,	1617636638);

DROP TABLE IF EXISTS `exams`;
CREATE TABLE `exams` (
  `id` bigint NOT NULL AUTO_INCREMENT,
  `active` tinyint(1) NOT NULL DEFAULT '1',
  `name` varchar(55) NOT NULL,
  `description` text,
  `start_date` datetime DEFAULT NULL,
  `end_date` datetime DEFAULT NULL,
  `time` int DEFAULT NULL,
  `created` datetime NOT NULL,
  `modified` datetime NOT NULL,
  `deleted` tinyint DEFAULT '0',
  PRIMARY KEY (`id`)
) ENGINE=InnoDB DEFAULT CHARSET=utf8mb4 COLLATE=utf8mb4_0900_ai_ci;

INSERT INTO `exams` (`id`, `active`, `name`, `description`, `start_date`, `end_date`, `time`, `created`, `modified`, `deleted`) VALUES
(1,	1,	'General Studies - Paper 1',	NULL,	'2021-03-22 00:00:00',	'2021-03-30 00:00:00',	60,	'2021-03-22 09:49:01',	'2021-03-28 03:09:31',	1),
(2,	1,	'Mathematics Level - 2',	NULL,	'2021-03-24 10:00:00',	'2021-03-30 15:00:00',	30,	'2021-03-23 05:48:16',	'2021-03-28 03:09:34',	1),
(3,	1,	'Mathematics Level - II',	NULL,	'2021-03-25 00:00:00',	'2021-03-30 16:00:00',	30,	'2021-03-23 06:33:03',	'2021-03-28 05:00:05',	1),
(4,	1,	'HTML DAY 1',	NULL,	'2021-03-27 00:00:00',	'2021-03-29 12:00:00',	30,	'2021-03-27 13:27:14',	'2021-03-28 03:09:37',	1),
(5,	1,	'Geography Test-1',	NULL,	NULL,	NULL,	20,	'2021-03-28 04:56:56',	'2021-03-28 05:00:11',	1),
(6,	1,	'Geography Test-1',	NULL,	'2021-03-28 00:00:00',	'2021-04-29 00:00:00',	60,	'2021-03-28 04:57:35',	'2021-03-28 12:27:37',	1),
(7,	1,	'G.S 1',	NULL,	'2021-03-28 00:00:00',	'2021-04-29 00:00:00',	60,	'2021-03-28 12:28:26',	'2021-04-02 18:03:33',	1),
(8,	1,	'TEST-1',	NULL,	'2021-04-02 00:00:00',	'2021-05-03 21:00:00',	60,	'2021-04-02 18:04:28',	'2021-04-02 18:07:19',	1),
(9,	1,	'General Knowledge - Level 1',	NULL,	'2021-04-02 00:00:00',	'2021-06-30 00:00:00',	10,	'2021-04-02 20:40:01',	'2021-04-03 04:45:07',	1),
(10,	1,	'G.S 2',	NULL,	'2021-04-03 04:40:53',	'2021-10-04 04:40:53',	60,	'2021-10-03 04:41:05',	'2021-04-05 15:22:11',	1),
(11,	1,	'GS3',	NULL,	'2021-04-05 04:07:53',	'2021-04-06 04:07:53',	60,	'2021-04-05 04:08:02',	'2021-04-05 15:22:13',	1),
(12,	1,	'శాతవాహనులు-1',	NULL,	'2021-04-05 15:25:54',	'2021-04-06 15:25:54',	120,	'2021-04-05 15:26:19',	'2021-04-05 16:23:30',	0),
(13,	1,	'శాతవాహనులు -2',	NULL,	'2021-04-05 15:29:17',	'2021-04-06 15:29:17',	60,	'2021-04-05 15:29:30',	'2021-04-05 15:29:59',	1);

DROP TABLE IF EXISTS `question_options`;
CREATE TABLE `question_options` (
  `id` bigint NOT NULL AUTO_INCREMENT,
  `question_id` bigint NOT NULL,
  `name` text NOT NULL,
  `sort` int NOT NULL,
  PRIMARY KEY (`id`),
  KEY `question_id` (`question_id`)
) ENGINE=InnoDB DEFAULT CHARSET=utf8mb4 COLLATE=utf8mb4_0900_ai_ci;

INSERT INTO `question_options` (`id`, `question_id`, `name`, `sort`) VALUES
(37,	3,	'Cow',	1),
(38,	3,	'Lion',	2),
(39,	3,	'Tiger',	3),
(40,	3,	'Peacock',	4),
(53,	4,	'Frogs',	1),
(54,	4,	'Crocodiles',	2),
(55,	4,	'Snakes',	3),
(56,	4,	'Lizards',	4),
(57,	2,	'Amitab Bachan',	1),
(58,	2,	'Sachin Tendulkar',	2),
(59,	2,	'K Chandrashekar Rao',	3),
(60,	2,	'Narendra Modi',	4),
(61,	1,	'Kurnool',	1),
(62,	1,	'Hyderabad',	2),
(63,	1,	'Amaravati',	3),
(64,	1,	'Delhi',	4),
(65,	5,	'H2SO4',	1),
(66,	5,	'H2O',	2),
(67,	5,	'CaCl3',	3),
(68,	5,	'None',	4),
(73,	7,	'11',	1),
(74,	7,	'13',	2),
(75,	7,	'12',	3),
(76,	7,	'3',	4),
(77,	8,	'8',	1),
(78,	8,	'7',	2),
(79,	8,	'10',	3),
(80,	8,	'5',	4),
(81,	9,	'Sulphuric Acid',	1),
(82,	9,	'Calcium Carbonate',	2),
(83,	9,	'Hydrogen',	3),
(84,	9,	'Oxygen',	4),
(85,	10,	'1',	1),
(86,	10,	'2',	2),
(87,	10,	'4',	3),
(88,	10,	'Birds doens\'t have legs',	4),
(89,	11,	'A planet',	1),
(90,	11,	'A galaxy',	2),
(91,	11,	'A star',	3),
(92,	11,	'A satellite',	4),
(97,	6,	'For every action there is no reaction',	1),
(98,	6,	'What goes up should come down',	2),
(99,	6,	'For every action there is equal and opposite reaction',	3),
(100,	6,	'E = MC Square',	4),
(101,	12,	'<p>Hydrogen and Helium</p>\r\n',	1),
(102,	12,	'<p>Oxygen and Nitrogen</p>\r\n',	2),
(103,	12,	'<p>Carbon dioxide, Nitrogen and Iron</p>\r\n',	3),
(104,	12,	'<p>None</p>\r\n',	4),
(141,	13,	'<p>1</p>\r\n',	1),
(142,	13,	'<p>2</p>\r\n',	2),
(143,	13,	'<p>3</p>\r\n',	3),
(144,	13,	'<p>4</p>\r\n',	4),
(145,	14,	'<p>Me</p>\r\n',	1),
(146,	14,	'<p>You</p>\r\n',	2),
(147,	15,	'<p>1</p>\r\n',	1),
(148,	15,	'<p>2</p>\r\n',	2),
(149,	15,	'<p>3</p>\r\n',	3),
(150,	16,	'<p>ఆస్యకుహారము</p>\r\n',	1),
(151,	16,	'<p>గ్రసని</p>\r\n',	2),
(152,	16,	'<p>ఉపజిహ్హిక</p>\r\n',	3),
(153,	16,	'<p>సూక్ష్మ గుచ్చాలు</p>\r\n',	4),
(154,	17,	'<p>పావురము</p>\r\n',	1),
(155,	17,	'<p>నెమలి</p>\r\n',	2),
(156,	17,	'<p>హంస</p>\r\n',	3),
(157,	17,	'<p>కోకిల</p>\r\n',	4),
(158,	18,	'<p>Kalidas</p>\r\n',	1),
(159,	18,	'<p>Vedavyas</p>\r\n',	2),
(160,	18,	'<p>Bankimchandra chatterji</p>\r\n',	3),
(161,	18,	'<p>Ravindranath Tagore</p>\r\n',	4),
(162,	19,	'<p>Dante</p>\r\n',	1),
(163,	19,	'<p>Hitler</p>\r\n',	2),
(164,	19,	'<p>Russo</p>\r\n',	3),
(165,	19,	'<p>Tolstoy</p>\r\n',	4),
(166,	20,	'<p>Tilak</p>\r\n',	1),
(167,	20,	'<p>V.D.Savarkar</p>\r\n',	2),
(168,	20,	'<p>M.K Ghandi</p>\r\n',	3),
(169,	20,	'<p>Aurobindo</p>\r\n',	4),
(170,	21,	'<p>Dr.S.R Shankaran</p>\r\n',	1),
(171,	21,	'<p>Dr.S.Radha Krishnan</p>\r\n',	2),
(172,	21,	'<p>C.V.Venkata Raman</p>\r\n',	3),
(173,	21,	'<p>Vishnu Sharma</p>\r\n',	4),
(174,	22,	'<p>Anand Sharma</p>\r\n',	1),
(175,	22,	'<p>Vishnu sharma</p>\r\n',	2),
(176,	22,	'<p>Ravi Varma</p>\r\n',	3),
(177,	22,	'<p>BanaBatta</p>\r\n',	4),
(178,	23,	'<p>Origin Of Moon</p>\r\n',	1),
(179,	23,	'<p>Origin Of universe</p>\r\n',	2),
(180,	23,	'<p>Origin of BlackHoles</p>\r\n',	3),
(181,	23,	'<p>Origin Of Species</p>\r\n',	4),
(182,	24,	'<p>Mothilal Nehru</p>\r\n',	1),
(183,	24,	'<p>Jawahar lal Nehru</p>\r\n',	2),
(184,	24,	'<p>Indira Gandhi</p>\r\n',	3),
(185,	24,	'<p>M.K Gandhi</p>\r\n',	4),
(186,	25,	'<p>M.K Gandhi</p>\r\n',	1),
(187,	25,	'<p>Indira Gandhi</p>\r\n',	2),
(188,	25,	'<p>Rajiv Gandhi</p>\r\n',	3),
(189,	25,	'<p>Jawarlal Nehru</p>\r\n',	4),
(190,	26,	'<p>Ramayan</p>\r\n',	1),
(191,	26,	'<p>Maha Bharath</p>\r\n',	2),
(192,	26,	'<p>Ramcharithamaanas</p>\r\n',	3),
(193,	26,	'<p>Vayupuran</p>\r\n',	4),
(194,	27,	'<p>Finland</p>\r\n',	1),
(195,	27,	'<p>Poland</p>\r\n',	2),
(196,	27,	'<p>Denmark</p>\r\n',	3),
(197,	27,	'<p>Norway</p>\r\n',	4),
(198,	28,	'<p>North America</p>\r\n',	1),
(199,	28,	'<p>Germany</p>\r\n',	2),
(200,	28,	'<p>Europe</p>\r\n',	3),
(201,	28,	'<p>Russia</p>\r\n',	4),
(202,	29,	'<p>Vienna</p>\r\n',	1),
(203,	29,	'<p>Budapest</p>\r\n',	2),
(204,	29,	'<p>Helsinki</p>\r\n',	3),
(205,	29,	'<p>Non of the above</p>\r\n',	4),
(206,	30,	'<p>Sydny</p>\r\n',	1),
(207,	30,	'<p>Canberra</p>\r\n',	2),
(208,	30,	'<p>Melboune</p>\r\n',	3),
(209,	30,	'<p>Non of the above</p>\r\n',	4),
(210,	31,	'<p>Nepal</p>\r\n',	1),
(211,	31,	'<p>Thailand</p>\r\n',	2),
(212,	31,	'<p>North Korea</p>\r\n',	3),
(213,	31,	'<p>Bhutan</p>\r\n',	4),
(214,	32,	'<p>Brazil</p>\r\n',	1),
(215,	32,	'<p>Canda</p>\r\n',	2),
(216,	32,	'<p>South Africa</p>\r\n',	3),
(217,	32,	'<p>India</p>\r\n',	4),
(218,	33,	'<p>Cricket</p>\r\n',	1),
(219,	33,	'<p>Table Tennis</p>\r\n',	2),
(220,	33,	'<p>Lawan Tennis</p>\r\n',	3),
(221,	33,	'<p>Badminton</p>\r\n',	4),
(222,	34,	'<p>10 hours</p>\r\n',	1),
(223,	34,	'<p>12 hours</p>\r\n',	2),
(224,	34,	'<p>14 hours</p>\r\n',	3),
(225,	34,	'<p>16 hours</p>\r\n',	4),
(230,	36,	'<p>Amazan</p>\r\n',	1),
(231,	36,	'<p>Nile</p>\r\n',	2),
(232,	36,	'<p>Ganga</p>\r\n',	3),
(233,	36,	'<p>Volga</p>\r\n',	4),
(234,	37,	'<p>మహత్మ గాంధి</p>\r\n',	1),
(235,	37,	'<p>రాజెంద్ర ప్రసాద్</p>\r\n',	2),
(236,	37,	'<p>అనిబిసెంట్</p>\r\n',	3),
(237,	37,	'<p>కె.యం. మున్షి</p>\r\n',	4),
(238,	38,	'<p>5</p>\r\n',	1),
(239,	38,	'<p>6</p>\r\n',	2),
(240,	38,	'<p>7</p>\r\n',	3),
(241,	38,	'<p>8</p>\r\n',	4),
(242,	39,	'<p>మెరిల్ స్ట్రిప్</p>\r\n',	1),
(243,	39,	'<p>ప్రాంక్&nbsp;సినాత్ర</p>\r\n',	2),
(244,	39,	'<p>జొసెఫ స్టాలిన్</p>\r\n',	3),
(245,	39,	'<p>అడాల్ప్ హిట్లర్</p>\r\n',	4),
(246,	40,	'<p>సత్యజిత్ రే</p>\r\n',	1),
(247,	40,	'<p>పృథ్వీరాజ్ కపూర్</p>\r\n',	2),
(248,	40,	'<p>దేవిక రాణి రొరిచ్</p>\r\n',	3),
(249,	40,	'<p>అక్కినెని నాగేశ్వరరావు</p>\r\n',	4),
(250,	41,	'<p>జైపుర్</p>\r\n',	1),
(251,	41,	'<p>మధురై</p>\r\n',	2),
(252,	41,	'<p>హైదరాబాద్</p>\r\n',	3),
(253,	41,	'<p>సూరత్</p>\r\n',	4),
(254,	42,	'<p>డాలర్</p>\r\n',	1),
(255,	42,	'<p>యూరొ</p>\r\n',	2),
(256,	42,	'<p>యెన్</p>\r\n',	3),
(257,	42,	'<p>పౌండ్</p>\r\n',	4),
(258,	43,	'<p>2001</p>\r\n',	1),
(259,	43,	'<p>2002</p>\r\n',	2),
(260,	43,	'<p>2003</p>\r\n',	3),
(261,	43,	'<p>2004</p>\r\n',	4),
(262,	44,	'<p>అలహబాద్</p>\r\n',	1),
(263,	44,	'<p>జైపుర్</p>\r\n',	2),
(264,	44,	'<p>సికింద్రాబాద్</p>\r\n',	3),
(265,	44,	'<p>హుబ్లి</p>\r\n',	4),
(266,	45,	'<p>సిని కళాకారుడు</p>\r\n',	1),
(267,	45,	'<p>క్రీడకారుడు</p>\r\n',	2),
(268,	45,	'<p>విద్యావేత్త</p>\r\n',	3),
(269,	45,	'<p>సంగీత విద్వాంసుడు</p>\r\n',	4),
(270,	46,	'<p>జనవరి 24</p>\r\n',	1),
(271,	46,	'<p>ఆక్టొబర్ 24</p>\r\n',	2),
(272,	46,	'<p>మే 24</p>\r\n',	3),
(273,	46,	'<p>అగస్టు 24</p>\r\n',	4),
(274,	47,	'<p>&nbsp;నార్వే</p>\r\n',	1),
(275,	47,	'<p>జపాన్</p>\r\n',	2),
(276,	47,	'<p>ఫిన్లాండ్</p>\r\n',	3),
(277,	47,	'<p>థాయ్ లాండ్</p>\r\n',	4),
(278,	48,	'<p>జపాన్&nbsp;</p>\r\n',	1),
(279,	48,	'<p>జర్మని</p>\r\n',	2),
(280,	48,	'<p>పిన్లాంద్&nbsp;</p>\r\n',	3),
(281,	48,	'<p>థాయ్లాండ్</p>\r\n',	4),
(286,	49,	'<p>తెల్ల ఖండం&nbsp;</p>\r\n',	1),
(287,	49,	'<p>నీలం&nbsp;ఖండం&nbsp;</p>\r\n',	2),
(288,	49,	'<p>ఎర్ర&nbsp;ఖండం&nbsp;</p>\r\n',	3),
(289,	49,	'<p>చికటి&nbsp;ఖండం&nbsp;</p>\r\n',	4),
(290,	50,	'<p>సంగీతకారుడు&nbsp;</p>\r\n',	1),
(291,	50,	'<p>&nbsp;క్రీడాకారుడు&nbsp;</p>\r\n',	2),
(292,	50,	'<p>విద్యావేత్త</p>\r\n',	3),
(293,	50,	'<p>పర్యావరణవేత్త</p>\r\n',	4),
(294,	51,	'<p>జొసెఫ్ కొనరైడ్</p>\r\n',	1),
(295,	51,	'<p>రుడార్ద్ కిప్లింగ్</p>\r\n',	2),
(296,	51,	'<p>ఆర్.ఎల్.&nbsp;స్టీవెన్సన్</p>\r\n',	3),
(297,	51,	'<p>డి.హెచ్. లారెన్స్&nbsp;</p>\r\n',	4),
(298,	52,	'<p>గోదావరి<span style=\"white-space:pre\"> </span></p>\r\n',	1),
(299,	52,	'<p>గంగా<span style=\"white-space:pre\"> </span></p>\r\n',	2),
(300,	52,	'<p>యమున<span style=\"white-space:pre\"> </span></p>\r\n',	3),
(301,	52,	'<p>బ్రహ్మపుత్ర</p>\r\n',	4),
(302,	53,	'<p>నైలు నది డెల్టా&nbsp;</p>\r\n',	1),
(303,	53,	'<p>కృష్ణ నది డెల్టా</p>\r\n',	2),
(304,	53,	'<p>వోల్గా నది డెల్టా</p>\r\n',	3),
(305,	53,	'<p>సుందర్బన్ డెల్టా</p>\r\n',	4),
(306,	54,	'<p>కేరళ</p>\r\n',	1),
(307,	54,	'<p>గుజరాత్</p>\r\n',	2),
(308,	54,	'<p>గోవా</p>\r\n',	3),
(309,	54,	'<p>తమిళనాడు</p>\r\n',	4),
(310,	55,	'<p>కర్నాటక</p>\r\n',	1),
(311,	55,	'<p>అస్సాం</p>\r\n',	2),
(312,	55,	'<p>ఒరిస్సా</p>\r\n',	3),
(313,	55,	'<p>మద్యప్రదేశ్</p>\r\n',	4),
(318,	57,	'<p>1867<span style=\"white-space:pre\"> </span></p>\r\n',	1),
(319,	57,	'<p>1875</p>\r\n',	2),
(320,	57,	'<p>1885</p>\r\n',	3),
(321,	57,	'<p>1887</p>\r\n',	4),
(322,	58,	'<p>ది దిగ్దర్షన్</p>\r\n',	1),
(323,	58,	'<p>ది బెంగాల్ గెజిట్<span style=\"white-space:pre\"> </span></p>\r\n',	2),
(324,	58,	'<p>దిఇండియన్ గెజిట్</p>\r\n',	3),
(325,	58,	'<p>ది ఢీల్లీ గెజిట్</p>\r\n',	4),
(326,	59,	'<p>న్యూ ఢిల్లీ</p>\r\n',	1),
(327,	59,	'<p>బెంగళూరు<span style=\"white-space:pre\"> </span></p>\r\n',	2),
(328,	59,	'<p>చెన్నై</p>\r\n',	3),
(329,	59,	'<p>కోల్ కతా</p>\r\n',	4),
(330,	60,	'<p>మద్యప్రదేశ్</p>\r\n',	1),
(331,	60,	'<p>రాజస్థాన్</p>\r\n',	2),
(332,	60,	'<p>బీహార్</p>\r\n',	3),
(333,	60,	'<p>ఉత్తరా ఖండ్</p>\r\n',	4),
(334,	61,	'<p>చార్లెస్ డార్విన్</p>\r\n',	1),
(335,	61,	'<p>రాబర్ట్ హుక్</p>\r\n',	2),
(336,	61,	'<p>హ్యూగో డివ్రీస్</p>\r\n',	3),
(337,	61,	'<p>గ్రేగర్ జాన్ మెండల్</p>\r\n',	4),
(338,	62,	'<p>ధ్వని తరంగాలు</p>\r\n',	1),
(339,	62,	'<p>అతి ధ్వనులు</p>\r\n',	2),
(340,	62,	'<p>అల్ట్రాసోనిక్ తరంగాలు</p>\r\n',	3),
(341,	62,	'<p>పరాశ్రవ్య తరంగాలు</p>\r\n',	4),
(342,	63,	'<p>మదర్ థెరిస్సా</p>\r\n',	1),
(343,	63,	'<p>మేడమ్ క్యూరీ</p>\r\n',	2),
(344,	63,	'<p>జేన్ ఆడమ్స్</p>\r\n',	3),
(345,	63,	'<p>పెర్ల్ బక్</p>\r\n',	4),
(346,	64,	'<p>అరుంధతి రాయ్</p>\r\n',	1),
(347,	64,	'<p>చేతన్ భగత్</p>\r\n',	2),
(348,	64,	'<p>మహా శ్వేతాదేవి</p>\r\n',	3),
(349,	64,	'<p>సల్మాన్ రష్దీ</p>\r\n',	4),
(350,	65,	'<p>కులూంబ్</p>\r\n',	1),
(351,	65,	'<p>ఓం</p>\r\n',	2),
(352,	65,	'<p>ఆంఫియర్</p>\r\n',	3),
(353,	65,	'<p>ఓల్ట్</p>\r\n',	4),
(354,	66,	'<p>సెలీనాలజీ</p>\r\n',	1),
(355,	66,	'<p>మైకలాజి</p>\r\n',	2),
(356,	66,	'<p>ఇక్తీయాలజీ</p>\r\n',	3),
(357,	66,	'<p>ఫీనాలోజీ</p>\r\n',	4),
(358,	67,	'<p>shriharikota</p>\r\n',	1),
(359,	67,	'<p>తిరువనతపురం</p>\r\n',	2),
(360,	67,	'<p>బెంగళూరు</p>\r\n',	3),
(361,	67,	'<p>అహ్మదాబాద్</p>\r\n',	4),
(362,	68,	'<p>లండన్</p>\r\n',	1),
(363,	68,	'<p>సిడ్నీ</p>\r\n',	2),
(364,	68,	'<p>టోక్యో</p>\r\n',	3),
(365,	68,	'<p>దుబాయి</p>\r\n',	4),
(366,	69,	'<p>గంగా</p>\r\n',	1),
(367,	69,	'<p>యమున</p>\r\n',	2),
(368,	69,	'<p>నర్మద</p>\r\n',	3),
(369,	69,	'<p>సరయు</p>\r\n',	4),
(370,	70,	'<p>ఆక్టోబర్ 10</p>\r\n',	1),
(371,	70,	'<p>ఆక్టోబర్ 8</p>\r\n',	2),
(372,	70,	'<p>నవంబర్&nbsp; 8</p>\r\n',	3),
(373,	70,	'<p>నవంబర్&nbsp; 10</p>\r\n',	4),
(374,	71,	'<p>బెర్లిన్</p>\r\n',	1),
(375,	71,	'<p>బుడాపెస్ట్</p>\r\n',	2),
(376,	71,	'<p>వార్సా</p>\r\n',	3),
(377,	71,	'<p>ఓస్లో</p>\r\n',	4),
(378,	72,	'<p>ఇంఫాల్</p>\r\n',	1),
(379,	72,	'<p>షిల్లాంగ్</p>\r\n',	2),
(380,	72,	'<p>ఐజ్వాల్&nbsp;</p>\r\n',	3),
(381,	72,	'<p>కొహిమా</p>\r\n',	4),
(382,	73,	'<p>భారత్ ఆటొ రీసెర్చ్ సెంటర్</p>\r\n',	1),
(383,	73,	'<p>భారత్&nbsp; ఆటొ రీసైక్లింగ్ రీసెర్చ్ సెంటర్</p>\r\n',	2),
(384,	73,	'<p>&nbsp;భాభా ఆటమిక్ రీసెర్చ్ సెంటర్</p>\r\n',	3),
(385,	73,	'<p>బాబా ఆటోమేటిక్ రెనివబుల్ రీసెర్చ్ సెంటర్</p>\r\n',	4),
(386,	74,	'<p>సుచేతా కృపాలిని</p>\r\n',	1),
(387,	74,	'<p>జానకి రామచంద్రన్</p>\r\n',	2),
(388,	74,	'<p>జయలలిత</p>\r\n',	3),
(389,	74,	'<p>సరోజినీ నాయిడు</p>\r\n',	4),
(390,	75,	'<p>జె.జె&nbsp; థామ్సన్&nbsp;</p>\r\n',	1),
(391,	75,	'<p>రాంట్ జెన్</p>\r\n',	2),
(392,	75,	'<p>రూథర్ ఫోర్డ్&nbsp;</p>\r\n',	3),
(393,	75,	'<p>లోర్డ్ కెల్విన్&nbsp;</p>\r\n',	4),
(394,	76,	'<p>ఏ.కె.సర్కార్</p>\r\n',	1),
(395,	76,	'<p>వి.ఆర్. కృష్ణ అయ్యర్</p>\r\n',	2),
(396,	76,	'<p>హీరాలాల్ జె.కానియా</p>\r\n',	3),
(397,	76,	'<p>మెహర్ చంద్ మహాజన్</p>\r\n',	4),
(398,	77,	'<p>మహత్మ గాంధీ</p>\r\n',	1),
(399,	77,	'<p>అరబింద్ ఘోష్&nbsp;<span style=\"white-space:pre\"> </span></p>\r\n',	2),
(400,	77,	'<p>దాదాభాయి నౌరోజీ</p>\r\n',	3),
(401,	77,	'<p>ఎస్.ఎన్.బెనర్జీ</p>\r\n',	4),
(402,	78,	'<p>1960<span style=\"white-space:pre\"> </span></p>\r\n',	1),
(403,	78,	'<p>1964</p>\r\n',	2),
(404,	78,	'<p>1963</p>\r\n',	3),
(405,	78,	'<p>1968</p>\r\n',	4),
(406,	79,	'<p>న్యూయార్క్</p>\r\n',	1),
(407,	79,	'<p>లండన్]</p>\r\n',	2),
(408,	79,	'<p>పారిస్</p>\r\n',	3),
(409,	79,	'<p>వాషింగ్టన్ డి.సి.</p>\r\n',	4),
(410,	80,	'<p>జెరుసలెం</p>\r\n',	1),
(411,	80,	'<p>రోమ్</p>\r\n',	2),
(412,	80,	'<p>వాటికన్ సిటి&nbsp;</p>\r\n',	3),
(413,	80,	'<p>స్టాక్ హోం</p>\r\n',	4),
(414,	81,	'<p>తెలుగు&nbsp;</p>\r\n',	1),
(415,	81,	'<p>కన్నడ</p>\r\n',	2),
(416,	81,	'<p>తమిళ్</p>\r\n',	3),
(417,	81,	'<p>మలయాళం</p>\r\n',	4),
(418,	82,	'<p>అక్టోబర్ 08</p>\r\n',	1),
(419,	82,	'<p>సెప్టెంబర్ 08</p>\r\n',	2),
(420,	82,	'<p>నవంబర్ 08</p>\r\n',	3),
(421,	82,	'<p>౦౮ డిసెంబర్ 08</p>\r\n',	4),
(422,	83,	'<p>న్యూ ఢిల్లీ&nbsp;</p>\r\n',	1),
(423,	83,	'<p>కొచ్చిన్</p>\r\n',	2),
(424,	83,	'<p>హైదరాబాద్</p>\r\n',	3),
(425,	83,	'<p>నాగపూర్</p>\r\n',	4),
(426,	84,	'<p>&nbsp;కర్నాటక&nbsp;</p>\r\n',	1),
(427,	84,	'<p>తమిళనాడు</p>\r\n',	2),
(428,	84,	'<p>ఉత్తరాఖండ్</p>\r\n',	3),
(429,	84,	'<p>కేరళ</p>\r\n',	4),
(430,	85,	'<p>ప్రసన్న&nbsp;</p>\r\n',	1),
(431,	85,	'<p>గవాస్కర్</p>\r\n',	2),
(432,	85,	'<p>అర్జున్ సింగ్</p>\r\n',	3),
(433,	85,	'<p>కె.ఎస్. రంజిత్ సింగ్</p>\r\n',	4),
(434,	86,	'<p>అస్సాం</p>\r\n',	1),
(435,	86,	'<p>మేఘాలయ</p>\r\n',	2),
(436,	86,	'<p>కేరళ&nbsp;</p>\r\n',	3),
(437,	86,	'<p>తమిళనాడు</p>\r\n',	4),
(438,	56,	'<p>తుంబ</p>\r\n',	1),
(439,	56,	'<p>పోర్ట్ బ్లెయర్</p>\r\n',	2),
(440,	56,	'<p>ఆర్వి</p>\r\n',	3),
(441,	56,	'<p>శ్రీహరికోట</p>\r\n',	4),
(442,	87,	'<p>ఎస్.ఎస్. భట్నాగర్<span style=\"white-space:pre\"> </span></p>\r\n',	1),
(443,	87,	'<p>యం.జి.కె. మీనన్&nbsp;</p>\r\n',	2),
(444,	87,	'<p>ఎస్. చంద్రశేఖర్</p>\r\n',	3),
(445,	87,	'<p>ఆచార్య .పి.సి.రాయ్</p>\r\n',	4),
(446,	88,	'<p>థామస్ ఎడిసన్&nbsp;</p>\r\n',	1),
(447,	88,	'<p>ఫ్రాన్సిస్ స్మిత్</p>\r\n',	2),
(448,	88,	'<p>రిచర్డ్ గ్లాటింగ్&nbsp;</p>\r\n',	3),
(449,	88,	'<p>వీలర్</p>\r\n',	4),
(450,	89,	'<p>ప్రాలిక్ హాయిస్ట్&nbsp;</p>\r\n',	1),
(451,	89,	'<p>జేమ్స్ సింప్సన్</p>\r\n',	2),
(452,	89,	'<p>రేణి లాయనెక్</p>\r\n',	3),
(453,	89,	'<p>ఎడ్వర్డ్ జెన్నర్</p>\r\n',	4),
(454,	90,	'<p>నార్వే</p>\r\n',	1),
(455,	90,	'<p>నెదర్లాండ్</p>\r\n',	2),
(456,	90,	'<p>బ్రిటన్</p>\r\n',	3),
(457,	90,	'<p>ఫ్రాన్స్</p>\r\n',	4),
(458,	91,	'<p>విలియం హాంట్</p>\r\n',	1),
(459,	91,	'<p>వెనిస్</p>\r\n',	2),
(460,	91,	'<p>థామస్ హాంకాక్&nbsp;</p>\r\n',	3),
(461,	91,	'<p>స్యాముల్ కొల్ట్</p>\r\n',	4),
(462,	92,	'<p>జెట్ ఇంజన్</p>\r\n',	1),
(463,	92,	'<p>సినిమాటోగ్రఫీ</p>\r\n',	2),
(464,	92,	'<p>సినిమా</p>\r\n',	3),
(465,	92,	'<p>మైనర్స్ సేఫ్టీ లాంప్</p>\r\n',	4),
(466,	93,	'<p>జేరియట్రిక్స్</p>\r\n',	1),
(467,	93,	'<p>పెడియాట్రిక్స్</p>\r\n',	2),
(468,	93,	'<p>హేమాటలజీ<span style=\"white-space:pre\"> </span></p>\r\n',	3),
(469,	93,	'<p>ఇమ్మ్యునాలజీ</p>\r\n',	4),
(470,	94,	'<p>3</p>\r\n',	1),
(471,	94,	'<p>2</p>\r\n',	2),
(472,	94,	'<p>4</p>\r\n',	3),
(473,	94,	'<p>1</p>\r\n',	4),
(474,	95,	'<p>రైల్వెస్</p>\r\n',	1),
(475,	95,	'<p>ఎయిర్ వేస్</p>\r\n',	2),
(476,	95,	'<p>వాటర్ వేస్</p>\r\n',	3),
(477,	95,	'<p>రోడ్ వేస్</p>\r\n',	4),
(478,	96,	'<p>మాలెగావ్&nbsp;</p>\r\n',	1),
(479,	96,	'<p>ముంబయి</p>\r\n',	2),
(480,	96,	'<p>గొరక్ పూర్</p>\r\n',	3),
(481,	96,	'<p>కలకత&nbsp;</p>\r\n',	4),
(482,	97,	'<p>చెన్నై</p>\r\n',	1),
(483,	97,	'<p>ముంబయి</p>\r\n',	2),
(484,	97,	'<p>విశాఖపట్నం&nbsp;</p>\r\n',	3),
(485,	97,	'<p>సికిందరాబాద్</p>\r\n',	4),
(486,	98,	'<p>కేరళ&nbsp;<span style=\"white-space:pre\"> </span></p>\r\n',	1),
(487,	98,	'<p>ముంబయి</p>\r\n',	2),
(488,	98,	'<p>గుజరాత్</p>\r\n',	3),
(489,	98,	'<p>గోవా</p>\r\n',	4),
(490,	99,	'<p>ఎన్&zwnj;హెచ్-17</p>\r\n',	1),
(491,	99,	'<p>ఎన్&zwnj;హెచ్- 5</p>\r\n',	2),
(492,	99,	'<p>ఎన్&zwnj;హెచ్-4</p>\r\n',	3),
(493,	99,	'<p>ఎన్&zwnj;హెచ్-7</p>\r\n',	4),
(494,	100,	'<p>అలెక్సి&nbsp; లియోనోవ్</p>\r\n',	1),
(495,	100,	'<p>స్వేత్లాన సావిట్స్కయ</p>\r\n',	2),
(496,	100,	'<p>వాలెంటిన తెరిస్కోవా</p>\r\n',	3),
(497,	100,	'<p>యూరిగారిన్</p>\r\n',	4),
(498,	101,	'<p>అముండ్సన్&nbsp;</p>\r\n',	1),
(499,	101,	'<p>మార్క్ పోలో</p>\r\n',	2),
(500,	101,	'<p>వాస్కోడాగామ&nbsp;</p>\r\n',	3),
(501,	101,	'<p>మాజిలాన్</p>\r\n',	4),
(502,	102,	'<p>rain</p>\r\n',	1),
(503,	102,	'<p>డాన్యూబ్</p>\r\n',	2),
(504,	102,	'<p>ఆవన్</p>\r\n',	3),
(505,	102,	'<p>స్ప్రీ</p>\r\n',	4),
(506,	103,	'<p>హూగ్లి<span style=\"white-space:pre\"> </span></p>\r\n',	1),
(507,	103,	'<p>గోదావరి</p>\r\n',	2),
(508,	103,	'<p>yamuna</p>\r\n',	3),
(509,	103,	'<p>గంగా</p>\r\n',	4),
(510,	104,	'<p>చంబల్<span style=\"white-space:pre\"> </span></p>\r\n',	1),
(511,	104,	'<p>జీలం</p>\r\n',	2),
(512,	104,	'<p>తపతి</p>\r\n',	3),
(513,	104,	'<p>నర్మద</p>\r\n',	4),
(514,	105,	'<p>సియామ్</p>\r\n',	1),
(515,	105,	'<p>బటావియా</p>\r\n',	2),
(516,	105,	'<p>సాయిగాన్</p>\r\n',	3),
(517,	105,	'<p>ఫర్మోసా</p>\r\n',	4),
(518,	106,	'<p>క్విలాన్</p>\r\n',	1),
(519,	106,	'<p>కోజీకోడ్</p>\r\n',	2),
(520,	106,	'<p>కొల్లాం</p>\r\n',	3),
(521,	106,	'<p>కొచ్చి</p>\r\n',	4),
(522,	107,	'<p>న్యాసలాండ్</p>\r\n',	1),
(523,	107,	'<p>బటవియా</p>\r\n',	2),
(524,	107,	'<p>అబిసీనియా</p>\r\n',	3),
(525,	107,	'<p>దహోమీ</p>\r\n',	4),
(526,	108,	'<p>మియన్మార్</p>\r\n',	1),
(527,	108,	'<p>గీగీనార్</p>\r\n',	2),
(528,	108,	'<p>నమీబియా</p>\r\n',	3),
(529,	108,	'<p>పైవేవికావు</p>\r\n',	4),
(530,	109,	'<p>ఇజ్రాయిల్</p>\r\n',	1),
(531,	109,	'<p>కతార్</p>\r\n',	2),
(532,	109,	'<p>ఇరాన్</p>\r\n',	3),
(533,	109,	'<p>ఇరాక్</p>\r\n',	4),
(534,	110,	'<p>జేమ్స్ సింసన్</p>\r\n',	1),
(535,	110,	'<p>అలెగ్జాండర్ ఉడ్</p>\r\n',	2),
(536,	110,	'<p>డ్రెస్సర్</p>\r\n',	3),
(537,	110,	'<p>చార్లెస్ హెచ్ టౌన్స్</p>\r\n',	4),
(538,	111,	'<p>ఇండియాన్లు</p>\r\n',	1),
(539,	111,	'<p>అమెరికన్లు</p>\r\n',	2),
(540,	111,	'<p>జర్మన్లు</p>\r\n',	3),
(541,	111,	'<p>జపనీయులు</p>\r\n',	4),
(542,	112,	'<p>హిదేకి యుకోవా&nbsp;</p>\r\n',	1),
(543,	112,	'<p>ఎడ్వర్డ్ జెన్నర్</p>\r\n',	2),
(544,	112,	'<p>సర్ ఫ్రెడరిక్ గ్రాంట్ బాంటింగ్</p>\r\n',	3),
(545,	112,	'<p>సర్ జేమ్స్ యంగ్ సింప్సన్</p>\r\n',	4),
(546,	113,	'<p>అహ్మదాబాద్</p>\r\n',	1),
(547,	113,	'<p>హైదరాబాద్<span style=\"white-space:pre\"> </span></p>\r\n',	2),
(548,	113,	'<p>న్యూ ఢిల్లీ<span style=\"white-space:pre\"> </span></p>\r\n',	3),
(549,	113,	'<p>ఆలహాబాద్</p>\r\n',	4),
(550,	114,	'<p>ఏం.ఏ .జిన్నా&nbsp;</p>\r\n',	1),
(551,	114,	'<p>ఖాన్ అబ్దుల్ గఫార్ ఖాన్&nbsp;</p>\r\n',	2),
(552,	114,	'<p>అబ్దుల్ కలామ్ ఆజాద్</p>\r\n',	3),
(553,	114,	'<p>మహమద్ అలీ</p>\r\n',	4),
(554,	115,	'<p>ఒక పక్షి</p>\r\n',	1),
(555,	115,	'<p>ఒక చెట్టు</p>\r\n',	2),
(556,	115,	'<p>ఒక&nbsp;రకమైన కుండ</p>\r\n',	3),
(557,	115,	'<p>ఒక రకమైన పండు</p>\r\n',	4),
(558,	116,	'<p>హరిద్వార్</p>\r\n',	1),
(559,	116,	'<p>ఎబోవా&nbsp;</p>\r\n',	2),
(560,	116,	'<p>దక్షిణ గంగోత్రి</p>\r\n',	3),
(561,	116,	'<p>మెండల్ పొలార్ స్టేషన్</p>\r\n',	4),
(562,	117,	'<p>గోరేటి వెంక్కన్న&nbsp;</p>\r\n',	1),
(563,	117,	'<p>గద్దర్&nbsp;</p>\r\n',	2),
(564,	117,	'<p>గూడ అంజయ&nbsp;</p>\r\n',	3),
(565,	117,	'<p>అందె శ్రీ</p>\r\n',	4),
(566,	118,	'<p>ఐసోహెల్</p>\r\n',	1),
(567,	118,	'<p>ఐసోహైట్</p>\r\n',	2),
(568,	118,	'<p>ఐపో నెఫ్</p>\r\n',	3),
(569,	118,	'<p>ఐసోనీఫ్</p>\r\n',	4),
(570,	119,	'<p>సిస్మలాజీ&#39;</p>\r\n',	1),
(571,	119,	'<p>కాస్మలాజీ</p>\r\n',	2),
(572,	119,	'<p>ఏకలాజి</p>\r\n\r\n<p>&nbsp;</p>\r\n',	3),
(573,	119,	'<p>పాథాలాజి</p>\r\n',	4),
(574,	120,	'<p>మెగెసెసే అవార్డ్&nbsp;</p>\r\n',	1),
(575,	120,	'<p>స్వీడిష్ బ్యాంక్&nbsp; ప్రైజ్</p>\r\n',	2),
(576,	120,	'<p>జాన్ వన్ న్యూమ్యాన్&nbsp; అవార్డ్&nbsp;</p>\r\n',	3),
(577,	120,	'<p>స్వెరిజెస్ రిక్స్ బ్యాంక్ ప్రైజ్</p>\r\n',	4),
(578,	121,	'<p>నిజామాబాద్</p>\r\n',	1),
(579,	121,	'<p>మహబూబాబాద్</p>\r\n',	2),
(580,	121,	'<p>కరీంనగర్</p>\r\n',	3),
(581,	121,	'<p>మెదక్</p>\r\n',	4),
(582,	122,	'<p>21 మే 2015</p>\r\n',	1),
(583,	122,	'<p>25 జూన్ 2015</p>\r\n',	2),
(584,	122,	'<p>21 జూన్ 2015</p>\r\n',	3),
(585,	122,	'<p>25 మే 2015</p>\r\n',	4),
(586,	123,	'<p>రాయల్ సొసైటీ ఒఫ్ కెనడా</p>\r\n',	1),
(587,	123,	'<p>రాయల్ స్వీడిష్ అకాడమీ ఒఫ్ సైన్సెస్&nbsp;</p>\r\n',	2),
(588,	123,	'<p>రాయల్ నార్వేజియన్ అకాడమీ ఒఫ్ సైన్సెస్</p>\r\n',	3),
(589,	123,	'<p>రాయల్ సొసైటీ ఆఫ్ న్యూ సౌత్ వేల్స్</p>\r\n',	4),
(590,	124,	'<p>వాసి&nbsp; రెడ్డి భాస్కర రావు</p>\r\n',	1),
(591,	124,	'<p>సుంకర సత్యనారాయణ</p>\r\n',	2),
(592,	124,	'<p>కాళోజీ</p>\r\n',	3),
(593,	124,	'<p>వట్టి కోట ఆల్వార్ స్వామి</p>\r\n',	4),
(594,	125,	'<p>బి. రామకృష్ణ రావు</p>\r\n\r\n<p>&nbsp;</p>\r\n',	1),
(595,	125,	'<p>కె.వి.రంగారావు</p>\r\n',	2),
(596,	125,	'<p>ఏ.కాళేశ్వర రావు</p>\r\n',	3),
(597,	125,	'<p>యన్.సంజీవ రెడ్డి&nbsp;</p>\r\n',	4),
(598,	126,	'<p>హోమీ జె.బాబా&nbsp;</p>\r\n',	1),
(599,	126,	'<p>జెంషట్ టాటా&nbsp;</p>\r\n',	2),
(600,	126,	'<p>ధీరు భాయి&nbsp;అంబానీ</p>\r\n',	3),
(601,	126,	'<p>ఆనంద్ గోస్వామి</p>\r\n',	4),
(602,	127,	'<p>సూర్య కిరణాలు&nbsp;</p>\r\n',	1),
(603,	127,	'<p>పక్షుల గుడ్లు</p>\r\n',	2),
(604,	127,	'<p>పూల రేకులు</p>\r\n',	3),
(605,	127,	'<p>సముద్ర అలలు&nbsp;</p>\r\n',	4),
(606,	128,	'<p>పిక్నో మీటర్</p>\r\n',	1),
(607,	128,	'<p>హిప్పో మీటర్</p>\r\n',	2),
(608,	128,	'<p>స్పిగ్నో స్కోప్&nbsp;</p>\r\n',	3),
(609,	128,	'<p>స్పిగ్నో మనో మీటర్</p>\r\n',	4),
(610,	129,	'<p>అగ్ని&nbsp;</p>\r\n',	1),
(611,	129,	'<p>త్రిశూల్</p>\r\n',	2),
(612,	129,	'<p>పరమ్</p>\r\n',	3),
(613,	129,	'<p>ఆర్యభట్ట</p>\r\n',	4),
(614,	130,	'<p>న్యూ యార్క్</p>\r\n',	1),
(615,	130,	'<p>క్లీవ్లాండ్&nbsp;</p>\r\n',	2),
(616,	130,	'<p>అంటార్కిటికా&nbsp;</p>\r\n',	3),
(617,	130,	'<p>శ్రీనగర్</p>\r\n',	4),
(618,	131,	'<p>ఒరిస్సా<span style=\"white-space:pre\"> </span></p>\r\n',	1),
(619,	131,	'<p>తమిళనాడు</p>\r\n',	2),
(620,	131,	'<p>ఆంధ్ర ప్రదేశ్</p>\r\n',	3),
(621,	131,	'<p>ఉత్తర్ ప్రదేశ్&nbsp;</p>\r\n',	4),
(622,	132,	'<p>బెంగళూరు</p>\r\n',	1),
(623,	132,	'<p>కోయంబత్తూరు</p>\r\n',	2),
(624,	132,	'<p>దేహరాడున్</p>\r\n',	3),
(625,	132,	'<p>ముంబయి</p>\r\n',	4),
(626,	133,	'<p>దలైలామా&nbsp;</p>\r\n',	1),
(627,	133,	'<p>నోరా రాబర్ట్స్</p>\r\n',	2),
(628,	133,	'<p>క్రిస్ గుడ్ బాల్&nbsp;</p>\r\n',	3),
(629,	133,	'<p>నరేంద్ర బండారి</p>\r\n',	4),
(630,	134,	'<p>హైదరాబాద్&nbsp;</p>\r\n',	1),
(631,	134,	'<p>న్యూ ఢిల్లీ</p>\r\n',	2),
(632,	134,	'<p>లక్నో</p>\r\n',	3),
(633,	134,	'<p>భోపాల్</p>\r\n',	4),
(634,	135,	'<p>జావా&nbsp;</p>\r\n',	1),
(635,	135,	'<p>సుమత్ర</p>\r\n',	2),
(636,	135,	'<p>మాయమ్నార్</p>\r\n',	3),
(637,	135,	'<p>సింగపూర్</p>\r\n',	4),
(638,	136,	'<p>కేరళలో</p>\r\n',	1),
(639,	136,	'<p>గోవాలో</p>\r\n',	2),
(640,	136,	'<p>గుజరాత్ లో</p>\r\n',	3),
(641,	136,	'<p>తమిళనాడులో&nbsp;</p>\r\n',	4),
(642,	137,	'<p>ఇంగ్లాండ్&nbsp;<span style=\"white-space:pre\"> </span></p>\r\n',	1),
(643,	137,	'<p>ఫిన్లాండ్<span style=\"white-space:pre\"> </span></p>\r\n',	2),
(644,	137,	'<p>కెనడా</p>\r\n',	3),
(645,	137,	'<p>కొరియా</p>\r\n',	4),
(646,	138,	'<p>భాను ఆతేయా</p>\r\n',	1),
(647,	138,	'<p>మృణాల్ సేన్</p>\r\n',	2),
(648,	138,	'<p>బీమాల్ రాయ్</p>\r\n',	3),
(649,	138,	'<p>చేతన్ ఆనంద్</p>\r\n',	4),
(650,	139,	'<p>ఏప్రిల్ 21</p>\r\n',	1),
(651,	139,	'<p>మార్చి 21</p>\r\n',	2),
(652,	139,	'<p>ఫిబ్రవరి 21</p>\r\n',	3),
(653,	139,	'<p>జనవరి 21</p>\r\n',	4),
(654,	140,	'<p>అజర్ బైజాన్</p>\r\n',	1),
(655,	140,	'<p>బెలారస్</p>\r\n',	2),
(656,	140,	'<p>కజకిస్తాన్</p>\r\n',	3),
(657,	140,	'<p>వెనుజులా</p>\r\n',	4),
(658,	141,	'<p>నెమలి</p>\r\n',	1),
(659,	141,	'<p>కుక్క</p>\r\n',	2),
(660,	141,	'<p>పిచ్చుక</p>\r\n',	3),
(661,	141,	'<p>కాకి</p>\r\n',	4),
(662,	142,	'<p>వి.కురియన్</p>\r\n',	1),
(663,	142,	'<p>ఎస్.ఎస్.స్వామినాథన్</p>\r\n',	2),
(664,	142,	'<p>కె,రంగరాజన్</p>\r\n',	3),
(665,	142,	'<p>సుచేత దలాల్&nbsp;</p>\r\n',	4),
(666,	143,	'<p>ఏప్రిల్ 23</p>\r\n',	1),
(667,	143,	'<p>మార్చి 23</p>\r\n',	2),
(668,	143,	'<p>ఫిబ్రవరి 23</p>\r\n',	3),
(669,	143,	'<p>జనవరి 23</p>\r\n',	4),
(670,	144,	'<p>వినోద్ థామస్</p>\r\n',	1),
(671,	144,	'<p>యన్.రాయ్</p>\r\n',	2),
(672,	144,	'<p>గోవింద్ బేహారి లాల్&nbsp;</p>\r\n',	3),
(673,	144,	'<p>ఆర్ .లక్ష్మి పతి</p>\r\n',	4),
(674,	145,	'<p>అశోక చక్ర</p>\r\n',	1),
(675,	145,	'<p>గాంధీ శాంతి పురస్కారం</p>\r\n',	2),
(676,	145,	'<p>జవాహర్లాల్ నెహ్రూ puraskaram</p>\r\n',	3),
(677,	145,	'<p>పద్మ విభూషణ్</p>\r\n',	4),
(678,	146,	'<p>అహమదాబాద్</p>\r\n',	1),
(679,	146,	'<p>లక్నో</p>\r\n',	2),
(680,	146,	'<p>చెన్నై</p>\r\n',	3),
(681,	146,	'<p>హిస్సార్</p>\r\n',	4),
(682,	147,	'<p>kaolash</p>\r\n',	1),
(683,	147,	'<p>ఎవరెస్ట్</p>\r\n\r\n<p>&nbsp;</p>\r\n',	2),
(684,	147,	'<p>కె2</p>\r\n',	3),
(685,	147,	'<p>కాంచన్ జంగా</p>\r\n',	4),
(686,	148,	'<p>వారణాసి</p>\r\n',	1),
(687,	148,	'<p>చిత్తరంజన్</p>\r\n',	2),
(688,	148,	'<p>పెరంబదూర్</p>\r\n',	3),
(689,	148,	'<p>కోల్ కతా</p>\r\n',	4),
(690,	149,	'<p>1950<span style=\"white-space:pre\"> </span></p>\r\n',	1),
(691,	149,	'<p>1953</p>\r\n',	2),
(692,	149,	'<p>1947</p>\r\n',	3),
(693,	149,	'<p>1948</p>\r\n',	4),
(694,	150,	'<p>నాగపూర్&nbsp;</p>\r\n',	1),
(695,	150,	'<p>జెంషడ్ పూర్</p>\r\n',	2),
(696,	150,	'<p>కటక్</p>\r\n',	3),
(697,	150,	'<p>రాంచి</p>\r\n',	4),
(698,	151,	'<p>అహమదాబాద్<span style=\"white-space:pre\"> </span></p>\r\n',	1),
(699,	151,	'<p>చెన్నై</p>\r\n',	2),
(700,	151,	'<p>హైదరబాద్</p>\r\n',	3),
(701,	151,	'<p>కోల్ కత</p>\r\n',	4),
(702,	152,	'<p>ఆక్రా&nbsp;<span style=\"white-space:pre\"> </span></p>\r\n',	1),
(703,	152,	'<p>దిలి&#39;</p>\r\n',	2),
(704,	152,	'<p>బిసౌ</p>\r\n',	3),
(705,	152,	'<p>బ్రజవిల్</p>\r\n',	4),
(706,	153,	'<p>మే 21</p>\r\n',	1),
(707,	153,	'<p>జూన్ 20</p>\r\n',	2),
(708,	153,	'<p>జులై 19</p>\r\n',	3),
(709,	153,	'<p>ఆగస్ట్ 18</p>\r\n',	4),
(710,	154,	'<p>ఏథెన్స్</p>\r\n',	1),
(711,	154,	'<p>బీజింగ్</p>\r\n',	2),
(712,	154,	'<p>సియోల్</p>\r\n',	3),
(713,	154,	'<p>సిడ్నీ</p>\r\n',	4),
(714,	155,	'<p>పద్మశ్రీ</p>\r\n',	1),
(715,	155,	'<p>అర్జున అవార్డు</p>\r\n',	2),
(716,	155,	'<p>పరమ వీరచక్ర&nbsp;</p>\r\n',	3),
(717,	155,	'<p>భారత రత్న</p>\r\n',	4),
(722,	157,	'<p>అలం ఆరా</p>\r\n',	1),
(723,	157,	'<p>ఆద్మీ</p>\r\n',	2),
(724,	157,	'<p>సంత్ తుకారాం&nbsp;</p>\r\n',	3),
(725,	157,	'<p>పతన్</p>\r\n',	4),
(726,	158,	'<p>మార్చి 12</p>\r\n',	1),
(727,	158,	'<p>ఏప్రిల్ 12</p>\r\n',	2),
(728,	158,	'<p>మే 12</p>\r\n',	3),
(729,	158,	'<p>జూన్ 12</p>\r\n',	4),
(730,	159,	'<p>మార్చి 6</p>\r\n',	1),
(731,	159,	'<p>మార్చి 7</p>\r\n',	2),
(732,	159,	'<p>మార్చి 8</p>\r\n',	3),
(733,	159,	'<p>మార్చి 9</p>\r\n',	4),
(734,	160,	'<p>స్వీడన్</p>\r\n',	1),
(735,	160,	'<p>నార్వే</p>\r\n',	2),
(736,	160,	'<p>ఫిన్లాండ్</p>\r\n',	3),
(737,	160,	'<p>థాయిలాండ్</p>\r\n',	4),
(738,	161,	'<p>హింది</p>\r\n',	1),
(739,	161,	'<p>మరాటి</p>\r\n',	2),
(740,	161,	'<p>ఇంగ్లీష్</p>\r\n',	3),
(741,	161,	'<p>గుజరాతీ</p>\r\n',	4),
(742,	162,	'<p>సోమనాథ్ చటర్జీ</p>\r\n',	1),
(743,	162,	'<p>మన్మోహన్ &nbsp;సింగ్&nbsp;</p>\r\n',	2),
(744,	162,	'<p>ప్రణబ్ ముఖర్జి</p>\r\n',	3),
(745,	162,	'<p>అబ్దుల్ కలాం&nbsp;</p>\r\n',	4),
(750,	164,	'<p>A మరియు B</p>\r\n',	1),
(751,	164,	'<p>B మరియు c</p>\r\n',	2),
(752,	164,	'<p>A మరియూ c</p>\r\n',	3),
(753,	164,	'<p>B మాత్రమె</p>\r\n',	4),
(754,	163,	'<p>గోమతి</p>\r\n',	1),
(755,	163,	'<p>సట్లెజ్</p>\r\n',	2),
(756,	163,	'<p>గంగా&nbsp;</p>\r\n',	3),
(757,	163,	'<p>సరయూ</p>\r\n',	4),
(766,	165,	'<p>క్వినైన్</p>\r\n',	1),
(767,	165,	'<p>కాఫీన్</p>\r\n',	2),
(768,	165,	'<p>రెస్పారైన్</p>\r\n',	3),
(769,	165,	'<p>నికోటిన్</p>\r\n',	4),
(770,	166,	'<p>అసిటిక్ ఆమ్లం</p>\r\n',	1),
(771,	166,	'<p>లాక్టిక్ ఆమ్లం</p>\r\n',	2),
(772,	166,	'<p>ఫర్మిక్ ఆమ్లం</p>\r\n',	3),
(773,	166,	'<p>టరటరిక్ ఆమ్ల్లం</p>\r\n',	4),
(774,	167,	'<p>స్థితిజ శక్తి</p>\r\n',	1),
(775,	167,	'<p>గతిజ శక్తి</p>\r\n',	2),
(776,	167,	'<p>ఆకర్షణ శక్తి</p>\r\n',	3),
(777,	167,	'<p>గురుత్వాకర్షణ శక్తి</p>\r\n',	4),
(778,	168,	'<p>నైలాన్ 6</p>\r\n',	1),
(779,	168,	'<p>టేరిలీన్</p>\r\n',	2),
(780,	168,	'<p>నైలాన్ 6, 6</p>\r\n',	3),
(781,	168,	'<p>పీ.హెచ్.బి. వి</p>\r\n',	4),
(786,	170,	'<p>లేబనాన్&nbsp;</p>\r\n',	1),
(787,	170,	'<p>జపాన్&nbsp;</p>\r\n',	2),
(788,	170,	'<p>థాయి లాండ్<span style=\"white-space:pre\"> </span></p>\r\n',	3),
(789,	170,	'<p>జర్మనీ&#39;</p>\r\n',	4),
(790,	171,	'<p>థామస్ జఫర్సన్</p>\r\n',	1),
(791,	171,	'<p>వుడ్రో విల్సన్</p>\r\n',	2),
(792,	171,	'<p>జార్జ్ వాషింగ్టన్</p>\r\n',	3),
(793,	171,	'<p>రూజ్వెల్ట్&nbsp;</p>\r\n',	4),
(794,	172,	'<p>ఆర్.డి. కోటారి</p>\r\n',	1),
(795,	172,	'<p>కె.ఏం.కరియప్ప</p>\r\n',	2),
(796,	172,	'<p>జె.ఎన్.చతుర్వేది</p>\r\n',	3),
(797,	172,	'<p>రాజేంద్ర సింగ్</p>\r\n',	4),
(798,	173,	'<p>కిరణ్ బేడి</p>\r\n',	1),
(799,	173,	'<p>రజియా సుల్తానా&nbsp;</p>\r\n',	2),
(800,	173,	'<p>కల్పనా చావ్లా</p>\r\n',	3),
(801,	173,	'<p>అమృతా ప్రీతం</p>\r\n',	4),
(806,	35,	'<p>Petroliem</p>',	1),
(807,	35,	'<p>Ship Building</p>',	2),
(808,	35,	'<p>shipping</p>',	3),
(809,	35,	'<p>Cork</p>',	4),
(810,	174,	'న్యూ ఢిల్లీ',	1),
(811,	174,	'ముంబై	',	2),
(812,	174,	'ERNAKULAM',	3),
(813,	174,	'భోపాల్',	4),
(814,	175,	'డాలర్',	1),
(815,	175,	'యూ‌రో',	2),
(816,	175,	'యెన్',	3),
(817,	175,	'పౌండ్',	4),
(818,	176,	'స్వీట్జ్వర్లాండ్ ',	1),
(819,	176,	'టర్కీ',	2),
(820,	176,	'ఫిన్లాండ్',	3),
(821,	176,	'జపాన్',	4),
(822,	177,	'ఆగస్ట్  8',	1),
(823,	177,	'సెప్టెంబర్ 8',	2),
(824,	177,	'అక్టోబర్ 1 ',	3),
(825,	177,	'నవంబర్ 8',	4),
(826,	178,	' ఏప్రిల్ 7',	1),
(827,	178,	'మే 7',	2),
(828,	178,	'జూన్ 7',	3),
(829,	178,	'జులై 7',	4),
(830,	179,	'అక్టోబర్ 4',	1),
(831,	179,	'నవంబర్ 4',	2),
(832,	179,	'డిసెంబర్ 4',	3),
(833,	179,	'జనవరి 4',	4),
(834,	180,	'ముంబై	',	1),
(835,	180,	'వారణాసి',	2),
(836,	180,	'ఢిల్లీ',	3),
(837,	180,	'హైదరబాద్ ',	4),
(838,	181,	'ముంబై',	1),
(839,	181,	'ఢిల్లీ',	2),
(840,	181,	'జైపూర్',	3),
(841,	181,	'హైదరబాద్',	4),
(842,	182,	'ఎరువులు',	1),
(843,	182,	'పరిశ్రమలు',	2),
(844,	182,	'ఆహారదాన్యాలు',	3),
(845,	182,	'పంచాధర',	4),
(846,	183,	'చికాగో',	1),
(847,	183,	'జెరుసలెం',	2),
(848,	183,	'రోమ్',	3),
(849,	183,	'సియోల్',	4),
(850,	169,	'సమతల దర్పణం',	1),
(851,	169,	'కుంభకార దర్పణం',	2),
(852,	169,	'పుటకారా దర్పణం',	3),
(853,	169,	'స్థూపాకర దర్పణం',	4),
(854,	156,	'అహ్మదాబాద్',	1),
(855,	156,	'బెంగళూరు ',	2),
(856,	156,	'నాగపూర్',	3),
(857,	156,	'పూణే',	4),
(858,	184,	'టెల్ ఆవివ్ ',	1),
(859,	184,	'టెహరాన్',	2),
(860,	184,	'అమ్మన్ ',	3),
(861,	184,	'కాబూల్',	4),
(862,	185,	'డిసెంబర్ 10',	1),
(863,	185,	'డిసెంబర్ 19',	2),
(864,	185,	'ఆగస్ట్ 8',	3),
(865,	185,	'నవంబర్ 10',	4),
(866,	186,	'చాసర్ ',	1),
(867,	186,	'మిల్టన్',	2),
(868,	186,	'షేక్ స్పియర్ ',	3),
(869,	186,	'వుడ్ వర్త్ ',	4),
(870,	187,	'గోమతి ',	1),
(871,	187,	'గోదావరి ',	2),
(872,	187,	'నర్మదా ',	3),
(873,	187,	'తపతి',	4),
(874,	188,	'న్యూయార్క్ ',	1),
(875,	188,	'వాషింగ్టన్ డి.సి',	2),
(876,	188,	'పారిస్',	3),
(877,	188,	'మనిలా ',	4),
(878,	189,	'ఇంటర్నేషనల్ పోలిటికల్ కాన్ఫరెన్స్',	1),
(879,	189,	'ఇంటర్నేషనల్ పోలీస్ ఆఫీసర్స్ అసోసియేషన్ ',	2),
(880,	189,	'ఇంటర్నేషనల్ క్రిమినల్ పోలీస్ ఆర్గనైజెషన్',	3),
(881,	189,	'ఇంటర్నేషనల్ పోలిటికల్ ఆఫ్హైర్స్ ',	4),
(882,	190,	'మహాత్మ్ గాంధీ',	1),
(883,	190,	'యెల్.కె అద్వానీ',	2),
(884,	190,	'జవహర్ లాల్ నెహ్రూ',	3),
(885,	190,	'వై.గోస్వామి',	4),
(886,	191,	'అటల్ బిహారీ వాజ్పెయ్',	1),
(887,	191,	'ఎల్ .కె .అద్వానీ',	2),
(888,	191,	'యం.వెంకయ్య నాయుడు',	3),
(889,	191,	'యం.కరుణానిధి',	4),
(890,	192,	'యల్.కె అద్వానీ\'',	1),
(891,	192,	'శ్యామ్ భాటియా ',	2),
(892,	192,	'నిరుపమ్ చక్రవర్తి',	3),
(893,	192,	'అటల్ బిహారీ వాజ్పెయ్',	4),
(894,	193,	'సామాజికసేవ ',	1),
(895,	193,	'వైద్యం ',	2),
(896,	193,	'కళలు ',	3),
(897,	193,	'క్రీడలు',	4),
(898,	194,	'భారతదేశం ',	1),
(899,	194,	'పాకిస్తాన్',	2),
(900,	194,	'శ్రీలంక',	3),
(901,	194,	'నేపాల్',	4),
(902,	195,	'న్యూయార్క్ ',	1),
(903,	195,	'జెనీవా ',	2),
(904,	195,	'లండన్',	3),
(905,	195,	'దిహేగ్ ',	4),
(906,	196,	'10 డౌనింగ్ స్ట్రీట్ ',	1),
(907,	196,	'వైట్ హౌస్ ',	2),
(908,	196,	'ఎల్సి ప్యాలెస్ ',	3),
(909,	196,	'బంకిమ్హామ్ పాలెస్ ',	4),
(910,	197,	'రవీంద్రనాథ్ టాగూర్',	1),
(911,	197,	'సి.వి.రామన్ ',	2),
(912,	197,	'అమర్త్యసేన్',	3),
(913,	197,	'వి.యస్ .నైపాల్ ',	4),
(914,	198,	'మార్టిన్ లూథర్ కింగ్',	1),
(915,	198,	'మదర్ థెరిస్సా ',	2),
(916,	198,	'ఖాన్ అబ్ధుల్గఫార్ ఖాన్ ',	3),
(917,	198,	'అబిన్ మెహతా ',	4),
(918,	199,	'బ్యాంకాక్- థాయిలాండ్',	1),
(919,	199,	'రియాద్-సౌదీ అరేబియా ',	2),
(920,	199,	'మనిలా - ఫిలిపైన్స్ ',	3),
(921,	199,	'యంగూన్- మయంనర్',	4),
(922,	200,	'బ్యాంకాక్- థాయిలాండ్',	1),
(923,	200,	'రియాద్-సౌదీ అరేబియా ',	2),
(924,	200,	'మనిలా - ఫిలిపైన్స్ ',	3),
(925,	200,	'యంగూన్- మయంనర్',	4),
(926,	201,	'బ్యాంకాక్- థాయిలాండ్',	1),
(927,	201,	'రియాద్-సౌదీ అరేబియా ',	2),
(928,	201,	'మనిలా - ఫిలిపైన్స్ ',	3),
(929,	201,	'యంగూన్- మయంనర్',	4),
(930,	202,	'బ్యాంకాక్- థాయిలాండ్',	1),
(931,	202,	'రియాద్-సౌదీ అరేబియా ',	2),
(932,	202,	'మనిలా - ఫిలిపైన్స్ ',	3),
(933,	202,	'యంగూన్- మయంనర్',	4),
(934,	203,	'చెంచులు',	1),
(935,	203,	'తొడ',	2),
(936,	203,	'గారో',	3),
(937,	203,	'గొండ్లు',	4),
(938,	204,	'బ్రిజెవిల్లే',	1),
(939,	204,	'దిలి',	2),
(940,	204,	'ఆక్రా',	3),
(941,	204,	'బిసవు',	4),
(942,	205,	'స్వీట్జ్వర్లాండ్',	1),
(943,	205,	'జర్మని',	2),
(944,	205,	'ఫ్రాన్స్',	3),
(945,	205,	'ఇటలీ',	4),
(946,	206,	'కర్ణాటక ',	1),
(947,	206,	'ఆంద్రప్రదేశ్',	2),
(948,	206,	'తమిళనాడు',	3),
(949,	206,	'కేరళ ',	4),
(950,	207,	'చార్లెస్ బాబ్జ్',	1),
(951,	207,	'ఐసాక్ న్యూటన్',	2),
(952,	207,	'జేమ్స్ వాట్',	3),
(953,	207,	'జార్జ్ స్టీఫన్సన్',	4),
(954,	208,	'పాకిస్తాన్',	1),
(955,	208,	'ఇండోనేషియా ',	2),
(956,	208,	'సౌదీ అరేబియా ',	3),
(957,	208,	'ఇండియా',	4),
(958,	209,	'మాల్థుస్',	1),
(959,	209,	'రికార్డో',	2),
(960,	209,	'జె.యం.కీన్స్ ',	3),
(961,	209,	'ఆడంస్మిత్',	4),
(962,	210,	'అంసాల్',	1),
(963,	210,	'రైన్',	2),
(964,	210,	'స్ప్రీ ',	3),
(965,	210,	'డాన్యూబ్ ',	4),
(966,	211,	'టావో మతం ',	1),
(967,	211,	'జొరాస్టియన్ మతం',	2),
(968,	211,	'షింటో మతం ',	3),
(969,	211,	'జూడో మతం ',	4),
(970,	212,	'దేవకీ దాస్',	1),
(971,	212,	'రామచంద్ర గుహ ',	2),
(972,	212,	'మేధా పాట్కర్ ',	3),
(973,	212,	'అరుంధతి రాయ్',	4),
(974,	213,	'దేవానంద్ ',	1),
(975,	213,	'దిలీప్ కుమార్ ',	2),
(976,	213,	'అమిత బచ్చన్ ',	3),
(977,	213,	'రాజ్ కాఫుర్',	4),
(978,	214,	'ఎర్నెస్ట్ హెమింగ్ వే',	1),
(979,	214,	'మీను ముసాని',	2),
(980,	214,	'ఇ.ఏం .పారిస్టర్ ',	3),
(981,	214,	'జె.కె జాల్ బ్రైత్ ',	4),
(982,	215,	'మెదడు',	1),
(983,	215,	'కాలేయము',	2),
(984,	215,	'మూత్రపిండాలు',	3),
(985,	215,	'గుండె కె',	4),
(994,	217,	'అను మస్తిష్కం',	1),
(995,	217,	'మెదడు కాండము',	2),
(996,	217,	'గై రై',	3),
(997,	217,	'ద్వారా గోర్థం',	4),
(1006,	216,	'ఆకలి',	1),
(1007,	216,	'నిద్రకి',	2),
(1008,	216,	'వినటానికి',	3),
(1009,	216,	'జ్ఞాపక శక్తికి',	4),
(1010,	218,	'మే 21',	1),
(1011,	218,	'జూన్ 21',	2),
(1012,	218,	'జూలై 21',	3),
(1013,	218,	'ఆగస్టు 21',	4),
(1014,	219,	'మహా వీర చక్ర',	1),
(1015,	219,	'అశోక చక్ర',	2),
(1016,	219,	'కీర్తి చక్ర',	3),
(1017,	219,	'శౌర్య చక్ర',	4),
(1018,	220,	'ట్రంబే',	1),
(1019,	220,	'కోల్ కతా',	2),
(1020,	220,	'ఇండోర్',	3),
(1021,	220,	'కల్పకం',	4),
(1022,	221,	'ట్రి గ్వి లీ',	1),
(1023,	221,	'యూథాంట్',	2),
(1024,	221,	'కోఫీ అన్నన్',	3),
(1025,	221,	'డాగ్ హామరస్క్ యోల్డ్',	4),
(1026,	222,	'పాండిచ్చేరి',	1),
(1027,	222,	'డామన్ డయ్యు',	2),
(1028,	222,	'లక్షద్వీప్',	3),
(1029,	222,	'దాద్రా నగర్ హవేలీ',	4),
(1030,	223,	'అల్ గొరే',	1),
(1031,	223,	'హిల్లరీ క్లింటన్',	2),
(1032,	223,	'బాన్ కీ మూన్',	3),
(1033,	223,	'బరాక్ ఒబామా',	4),
(1034,	224,	'వై వీరేంద్రనాథ్',	1),
(1035,	224,	'వీరప్ప మొయిలీ',	2),
(1036,	224,	'వై లక్ష్మీ ప్రసాద్',	3),
(1037,	224,	'అరుంధతీ రాయ్',	4),
(1038,	225,	'క్యాబినెట్ సచివాలయం',	1),
(1039,	225,	'విద్యుత్ మంత్రిత్వ శాఖ',	2),
(1040,	225,	'శాస్త్ర సాంకేతిక మంత్రిత్వ శాఖ',	3),
(1041,	225,	'ప్రధానమంత్రి',	4),
(1042,	226,	'నిష్కంటక',	1),
(1043,	226,	'కుశనము, వధకపతక',	2),
(1044,	226,	'మాడ, పద్మటంక',	3),
(1045,	226,	'మాషకలు,దీనారాలు',	4),
(1046,	227,	'ధూళికట్ట',	1),
(1047,	227,	'పనిగిరి',	2),
(1048,	227,	'గాజులబండ',	3),
(1049,	227,	'పెదబంకుర్',	4),
(1050,	228,	'1,2 గుహలు',	1),
(1051,	228,	'31, 32 గుహలు',	2),
(1052,	228,	'9 ,10వ గుహలు',	3),
(1053,	228,	'14, 16 వ గుహలు',	4),
(1054,	229,	'<p>టాలమి</p>\r\n',	1),
(1055,	229,	'<p>ప్లినీ</p>\r\n',	2),
(1056,	229,	'<p>జప్టిన్</p>\r\n',	3),
(1057,	229,	'<p>పెరిప్లస్</p>\r\n',	4),
(1058,	230,	'కౌటిల్యుడు',	1),
(1059,	230,	'మెగస్తనీస్',	2),
(1060,	230,	'హెరొడోటస్',	3),
(1061,	230,	'హెలియోడోరస్',	4),
(1062,	231,	'బార్నెట్, రాప్సన్',	1),
(1063,	231,	'పులాస్కర్, జోగెల్కర్',	2),
(1064,	231,	'బండార్కర్, గోపాల చారి',	3),
(1065,	231,	'శ్రీనివాస అయ్యంగార్, మిరాషి',	4),
(1066,	232,	'దక్షిణ పతేశ్వరా',	1),
(1067,	232,	'దక్షిణ పథ పతి',	2),
(1068,	232,	'దక్షిణేశ్వర',	3),
(1069,	232,	'దక్షిణాదిపతి',	4),
(1070,	233,	'యజ్ఞశ్రీ శాతకర్ణి',	1),
(1071,	233,	'గౌతమీపుత్ర శాతకర్ణి',	2),
(1072,	233,	'మూడో పులోమావి',	3),
(1073,	233,	'కుంతల శాతకర్ణి',	4),
(1074,	234,	'కాదంబరి',	1),
(1075,	234,	'హర్ష చరిత్ర',	2),
(1076,	234,	'దశకుమార చరిత్ర',	3),
(1077,	234,	'కథాసరిత్సాగరం',	4),
(1078,	235,	'బృహత్కథ',	1),
(1079,	235,	'గాథా సప్తశతి',	2),
(1080,	235,	'బృహత్కథ మంజరి',	3),
(1081,	235,	'లీలావతి పరిణయం',	4),
(1082,	236,	'స్కందావరం ',	1),
(1083,	236,	'సైనిక శిబిరం',	2),
(1084,	236,	'కటకం',	3),
(1085,	236,	'కటివలయం',	4),
(1086,	237,	'కోటిలింగాల',	1),
(1087,	237,	'బోధన్',	2),
(1088,	237,	'ప్రతిష్ఠాన్',	3),
(1089,	237,	'సోఫారా',	4),
(1090,	238,	'సుర్మ బంగారం',	1),
(1091,	238,	'మణులు',	2),
(1092,	238,	'ముత్యాలు',	3),
(1093,	238,	'వైడుర్యాలు',	4),
(1094,	239,	'కమ్మరం',	1),
(1095,	239,	'వడ్రంగం',	2),
(1096,	239,	'మేదర పని',	3),
(1097,	239,	'కంచు పని',	4),
(1098,	240,	'యజ్ఞాలు చేయడం',	1),
(1099,	240,	'విగ్రహాలను పూజించడం',	2),
(1100,	240,	'వ్రతాలు చేయడం',	3),
(1101,	240,	'తపస్సు చేయడం and',	4),
(1102,	241,	'కథాసరిత్సాగరం',	1),
(1103,	241,	'బృహత్కథ',	2),
(1104,	241,	'గాథా సప్తశతి',	3),
(1105,	241,	'బృహత్కథ మంజరి',	4),
(1106,	242,	'గోలి',	1),
(1107,	242,	'ఘంటసాల',	2),
(1108,	242,	'బొజ్జన్నకొండ',	3),
(1109,	242,	'తొట్లకొండ ',	4),
(1110,	243,	'మహాదేవస్తవిరుడు',	1),
(1111,	243,	'బుద్ధఘణుడు',	2),
(1112,	243,	'మహాబీక్షుదేవు',	3),
(1113,	243,	'భూద్ధపాలితుడు',	4),
(1114,	244,	'గుంటూర్',	1),
(1115,	244,	'కృష్ణ',	2),
(1116,	244,	'గోదావరి',	3),
(1117,	244,	'ప్రకాశం',	4),
(1118,	245,	'భూమిని కొలిచే సాధానం',	1),
(1119,	245,	'భూమి రికార్డులను భద్రపరిచే అధికారి',	2),
(1120,	245,	'భూమిని దానం చేసినప్పుడు నిభందానాలను రూపొందించే అధికారి',	3),
(1121,	245,	'భూమి శిస్తును నిర్ణయించే అధికారి',	4),
(1122,	246,	'కౌటిల్యుని అర్థశాస్త్రం',	1),
(1123,	246,	'బృహత్కథ',	2),
(1124,	246,	'గాథా సప్తశతి',	3),
(1125,	246,	'లీలావతి కావ్యం',	4),
(1126,	247,	'ఇండో గ్రీకులు',	1),
(1127,	247,	'కుషానులు',	2),
(1128,	247,	'శకులు',	3),
(1129,	247,	'పార్థీయన్లు',	4),
(1130,	248,	'పుష్యమిత్ర శుంగుడు',	1),
(1131,	248,	'అగ్ని మిత్ర',	2),
(1132,	248,	'పుణ్య మిత్ర',	3),
(1133,	248,	'అశోకుడు భూపాల్',	4),
(1134,	249,	'శ్వేత గజం',	1),
(1135,	249,	'నల్ల రాణులు',	2),
(1136,	249,	'ధ్యాన బుద్ధుడు',	3),
(1137,	249,	'బోధిసత్వుడు',	4),
(1142,	250,	'శంకరం',	1),
(1143,	250,	'బొజ్జన్నకొండ',	2),
(1144,	250,	'బావికొండ',	3),
(1145,	250,	'గుంటుపల్లి',	4),
(1146,	251,	'పులి పులి రక్షిత ద్వారాలు',	1),
(1147,	251,	'సింహం',	2),
(1148,	251,	'అశ్వం,అశ్వ  రక్షిత ద్వారాలు',	3),
(1149,	251,	'గజం గజం రక్షిత ద్వారాలు',	4),
(1150,	252,	'దేవాలయం',	1),
(1151,	252,	'జైన మఠం',	2),
(1152,	252,	'బౌద్ధ విహారం',	3),
(1153,	252,	'బౌద్ధ స్తూపం',	4),
(1154,	253,	'ఖార వేలుడు',	1),
(1155,	253,	'యజ్ఞశ్రీ శాతకర్ణి',	2),
(1156,	253,	'కుంతల శాతకర్ణి',	3),
(1157,	253,	'కొండ బలిసిరి',	4),
(1158,	254,	'శివస్వాతి',	1),
(1159,	254,	'విజయశ్రీ',	2),
(1160,	254,	'మూడో పులోమావి',	3),
(1161,	254,	'ఖారవేలుడు',	4),
(1162,	255,	'ప్లీనీ',	1),
(1163,	255,	'టాలమి',	2),
(1164,	255,	'హెరిడోటస్',	3),
(1165,	255,	'అరిస్టాటిల్',	4),
(1166,	256,	'గౌతమీపుత్ర శాతకర్ణి',	1),
(1167,	256,	'పులోమావి',	2),
(1168,	256,	'యజ్ఞశ్రీ శాతకర్ణి',	3),
(1169,	256,	'రెండవ శాతకర్ణి',	4),
(1170,	257,	'గౌతమీపుత్ర శాతకర్ణి',	1),
(1171,	257,	'నాగార్జునుడు',	2),
(1172,	257,	'యజ్ఞశ్రీ శాతకర్ణి',	3),
(1173,	257,	'పులోమావి',	4),
(1174,	258,	'ఆరామం',	1),
(1175,	258,	'సంఘరామం',	2),
(1176,	258,	'ఘటిక',	3),
(1177,	258,	'విహార',	4),
(1178,	259,	'కృష్ణుడు do',	1),
(1179,	259,	'గౌతమీ పుత్రుడు',	2),
(1180,	259,	'నాగానిక',	3),
(1181,	259,	'గౌతమీ బాలశ్రీ',	4),
(1182,	260,	'శాలివాహన',	1),
(1183,	260,	'శాతవాహన',	2),
(1184,	260,	'శాతకర్ణి',	3),
(1185,	260,	'సాతకర్ని',	4),
(1186,	261,	'శాంతి మూలుని రెంటాల శాసనం',	1),
(1187,	261,	'శ్రి శాంతము లోనే నాగార్జునకొండ శాసనం',	2),
(1188,	261,	'విజయశ్రీ నాగార్జునకొండ శాసనం',	3),
(1189,	261,	'రుద్ర పురుష దత్తుని నాగార్జునకొండ శాసనం',	4),
(1190,	262,	'అమరావతి లోని రెండవ పులోమావి శాసనం',	1),
(1191,	262,	'నాగార్జునకొండ శాసనం',	2),
(1192,	262,	'ధిమిక శాసనం',	3),
(1193,	262,	'చేజర్ల శాసనం అం',	4),
(1194,	263,	'ధిమిక',	1),
(1195,	263,	'పులోమావి',	2),
(1196,	263,	'బోధి సిరి',	3),
(1197,	263,	'రెండవ పులోమావి',	4),
(1198,	264,	'శివ స్వాతి',	1),
(1199,	264,	'చకోర స్వాతి',	2),
(1200,	264,	'గౌతమీపుత్ర శాతకర్ణి',	3),
(1201,	264,	'పులోమావి',	4),
(1206,	266,	'<p>శ్రీముఖుడు</p>\r\n',	1),
(1207,	266,	'<p>మొదటి శాతకర్ణి</p>\r\n',	2),
(1208,	266,	'<p>కుంతల శాతకర్ణి</p>\r\n',	3),
(1209,	266,	'<p>కృష్ణుడు</p>\r\n',	4),
(1210,	265,	'గౌతమీ బాలశ్రీ',	1),
(1211,	265,	'రుద్ర  భట్టరిక',	2),
(1212,	265,	'బోధి సిరి',	3),
(1213,	265,	'ధమ్మ దిన్నె',	4),
(1214,	267,	'1/4 వంతు',	1),
(1215,	267,	'1/8 వంతు',	2),
(1216,	267,	'1/6 వ వంతు',	3),
(1217,	267,	'1/3 వ వంతు',	4),
(1218,	268,	'గౌతమీపుత్ర శాతకర్ణి',	1),
(1219,	268,	'శివ శ్రీ శాతకర్ణి',	2),
(1220,	268,	'విజయ శ్రీ శాతకర్ణి',	3),
(1221,	268,	'యజ్ఞశ్రీ శాతకర్ణి',	4),
(1222,	269,	'బరు కచ్చ',	1),
(1223,	269,	'సోపార',	2),
(1224,	269,	'కళ్యాణి',	3),
(1225,	269,	'చౌల్',	4),
(1226,	270,	'అభిజ్ఞాన చింతామణి',	1),
(1227,	270,	'గాథ సప్తశతి',	2),
(1228,	270,	'బృహత్కథ మంజరి',	3),
(1229,	270,	'వాత్సాయన కామశాస్త్రం',	4),
(1230,	271,	'ఏనుగు',	1),
(1231,	271,	'చైత్యం',	2),
(1232,	271,	'వృషభం',	3),
(1233,	271,	'ఉజ్జయిని చిహ్నము',	4),
(1234,	272,	'మహేంద్రగిరి',	1),
(1235,	272,	'మలయగిరి',	2),
(1236,	272,	'సిరిగిరి',	3),
(1237,	272,	'చకగిరి',	4),
(1238,	273,	'మొదటి పులోమావి',	1),
(1239,	273,	'రెండో పులోమావి',	2),
(1240,	273,	'మూడవ పులోమావి',	3),
(1241,	273,	'యజ్ఞశ్రీ శాతకర్ణి',	4),
(1242,	274,	'పులోమావి',	1),
(1243,	274,	'స్వాతి కర్ణ',	2),
(1244,	274,	'గౌర కృష్ణ',	3),
(1245,	274,	'లంబోదర',	4),
(1246,	275,	'మొదటి శాతకర్ణి',	1),
(1247,	275,	'రెండవ శాతకర్ణి',	2),
(1248,	275,	'గౌతమీపుత్ర శాతకర్ణి',	3),
(1249,	275,	'రెండవ పులోమావిరెండవ పులోమావి',	4),
(1250,	276,	'మొదటి పులోమావి',	1),
(1251,	276,	'రెండవ పులోమావి',	2),
(1252,	276,	'కుంతల శాతకర్ణి',	3),
(1253,	276,	'యజ్ఞశ్రీ శాతకర్ణి',	4),
(1254,	277,	'గౌతమీపుత్ర శాతకర్ణి',	1),
(1255,	277,	'రెండవ పులోమావి',	2),
(1256,	277,	'శివ శ్రీ శాతకర్ణి',	3),
(1257,	277,	'యజ్ఞశ్రీ శాతకర్ణి',	4),
(1262,	279,	'మొదటి శాతకర్ణి',	1),
(1263,	279,	'రెండవ శాతకర్ణి',	2),
(1264,	279,	'యజ్ఞశ్రీ శాతకర్ణి',	3),
(1265,	279,	'గౌతమీపుత్ర శాతకర్ణి',	4),
(1266,	280,	'ఖార వీరుడు',	1),
(1267,	280,	'సిరి సద',	2),
(1268,	280,	'అశోకసద',	3),
(1269,	280,	'శివ మక సద',	4),
(1270,	281,	'మొదటి శాతకర్ణి',	1),
(1271,	281,	'రెండవ శాతకర్ణి',	2),
(1272,	281,	'యజ్ఞశ్రీ శాతకర్ణి',	3),
(1273,	281,	'గౌతమీపుత్ర శాతకర్ణి',	4),
(1274,	282,	'పుష్యమిత్ర శుంగుడు',	1),
(1275,	282,	'అగ్ని మిత్ర',	2),
(1276,	282,	'బిందుసారుడు',	3),
(1277,	282,	'అశోకుడు',	4),
(1278,	283,	'అమరావతి',	1),
(1279,	283,	'వీరాపురం',	2),
(1280,	283,	'సాతాని కోట',	3),
(1281,	283,	'ప్రతిష్టానపురం and',	4),
(1282,	284,	'మహాబలిపురంలోని ధర్మరాజు రథం పైన గోపురం ఆకారం అం అం',	1),
(1283,	284,	'మహాబలిపురంలోని భూమిని రథం పైన గోపురం రీతిలో',	2),
(1284,	284,	'చేజర్ల లోని గజ పృష్టకార గోపురం వలె',	3),
(1285,	284,	'పంచారామాల దేవాలయ గోపురం ఆకారం and',	4),
(1286,	285,	'నానాఘాట్',	1),
(1287,	285,	'జున్నార్',	2),
(1288,	285,	'నాసిక్',	3),
(1289,	285,	'కార్లే శాసనం',	4),
(1290,	286,	'క్రీస్తు శకం 1830',	1),
(1291,	286,	'క్రీస్తుశకం 1867',	2),
(1292,	286,	'క్రీస్తుశకం 1887',	3),
(1293,	286,	'క్రీస్తుశకం 1888',	4),
(1294,	287,	'1  మీటరు',	1),
(1295,	287,	'1 1/4 మీటరు',	2),
(1296,	287,	'1  1/9మీటరు',	3),
(1297,	287,	'1 3/4మీటర్',	4),
(1298,	288,	'హిందూ ',	1),
(1299,	288,	'బౌద్ధ',	2),
(1300,	288,	'జైన',	3),
(1301,	288,	'అజీవక ఒక',	4),
(1302,	289,	'బృహత్కథ',	1),
(1303,	289,	'గాథా సప్తశతి',	2),
(1304,	289,	'సమయ సారం',	3),
(1305,	289,	'వాత్సాయన కామసూత్రాలు',	4),
(1306,	290,	'స్కంద నాగుడు',	1),
(1307,	290,	'స్కంధ విశాఖుడు',	2),
(1308,	290,	'రెమ్మనక',	3),
(1309,	290,	'మూడో పులోమావి',	4),
(1310,	291,	'వీర సేనుడు',	1),
(1311,	291,	'నాగ సేనుడు',	2),
(1312,	291,	'వీరబాహు',	3),
(1313,	291,	'విజయ ఆనందుడు',	4),
(1314,	292,	'గౌతమీపుత్ర శాతకర్ణి',	1),
(1315,	292,	'పులోమావి',	2),
(1316,	292,	'యజ్ఞశ్రీ శాతకర్ణి',	3),
(1317,	292,	'శివ స్వాతి',	4),
(1318,	293,	'నాగార్జునకొండ',	1),
(1319,	293,	'శంకరం',	2),
(1320,	293,	'జగ్గయ్యపేట',	3),
(1321,	293,	'గుమ్మడిదల',	4),
(1322,	294,	'సింహం నంది',	1),
(1323,	294,	'సుహాస్థి',	2),
(1324,	294,	'పద్మ నంది',	3),
(1325,	294,	'ధర్మకుడు',	4),
(1326,	295,	'సుహృల్లేఖ',	1),
(1327,	295,	'రసరత్నాకరం',	2),
(1328,	295,	'మాధ్యమికారిక',	3),
(1329,	295,	'అమోఘ సారం',	4),
(1330,	296,	'అజంతా',	1),
(1331,	296,	'ఎల్లోరా',	2),
(1332,	296,	'అమరావతి',	3),
(1333,	296,	'వైజయంతి',	4),
(1334,	297,	'మహారాష్ట్ర',	1),
(1335,	297,	'ఆంధ్ర ప్రదేశ్',	2),
(1336,	297,	'తమిళనాడు',	3),
(1337,	297,	'కర్ణాటక',	4),
(1338,	298,	'ఘటికలు',	1),
(1339,	298,	'సంఘారామలు',	2),
(1340,	298,	'విశ్వవిద్యాలయాలు',	3),
(1341,	298,	'విహారాలు',	4),
(1342,	299,	'పురాణాలు',	1),
(1343,	299,	'ఆగమాలు',	2),
(1344,	299,	'ధర్మశాస్త్రాలు',	3),
(1345,	299,	'ఉప పురాణాలు',	4),
(1346,	300,	'నాగార్జునుడు ',	1),
(1347,	300,	'దిజ్ఞాజుడు',	2),
(1348,	300,	'ధర్మ కీర్తి',	3),
(1349,	300,	'సిద్ధార్థుడు',	4),
(1350,	301,	'సిద్ధ నాగార్జునుడు',	1),
(1351,	301,	'పద్మసంభవుడు',	2),
(1352,	301,	'కొండ కీర్తి',	3),
(1353,	301,	'వసు బందు',	4),
(1354,	302,	'శత శాస్త్రం',	1),
(1355,	302,	'అభిధమ్మ కోశం',	2),
(1356,	302,	'అర్థశాస్త్రం',	3),
(1357,	302,	'విశుద్ధ మగ్గ',	4),
(1358,	303,	'వసుబందు',	1),
(1359,	303,	'బుద్ధ గోశుడు',	2),
(1360,	303,	'అశ్వఘోషుడు',	3),
(1361,	303,	'బుద్ధ పాలితుదు',	4),
(1362,	304,	'యజ్ఞశ్రీ',	1),
(1363,	304,	'విజయ శ్రీ',	2),
(1364,	304,	'గౌతమి నంద శ్రీ',	3),
(1365,	304,	'ఆర్య శుంగుడు',	4),
(1366,	305,	'అశ్వఘోషుడు',	1),
(1367,	305,	'ఆర్య దేవుడు',	2),
(1368,	305,	'బుద్ధ పాలితుడు',	3),
(1369,	305,	'ఆర్య శుంగుడు',	4),
(1370,	306,	'సాంచీ',	1),
(1371,	306,	'సారనాథ్',	2),
(1372,	306,	'కౌశాంబి',	3),
(1373,	306,	'పిప్రవాహ',	4),
(1374,	307,	'మహి బాలుడు',	1),
(1375,	307,	'ధర్మపాలుడు',	2),
(1376,	307,	'ఆనంద పాలుడు',	3),
(1377,	307,	'కుమార పాలుడు',	4),
(1378,	308,	'హేమచంద్రుడు',	1),
(1379,	308,	'సూర్య చంద్రుడు',	2),
(1380,	308,	'ఆనంద బాలుడు',	3),
(1381,	308,	'మహి పాలుడు',	4),
(1382,	309,	'జైన మతం',	1),
(1383,	309,	'బౌద్ధమతం',	2),
(1384,	309,	'వైష్ణవ మతం',	3),
(1385,	309,	'శైవ మతం',	4),
(1386,	310,	'హేమచంద్రుడు',	1),
(1387,	310,	'సోమదేవుడు',	2),
(1388,	310,	'ధార సేనుడు',	3),
(1389,	310,	'దేవర్ధ గని',	4),
(1390,	311,	'హరి భద్రుడు',	1),
(1391,	311,	'బుద్ధ గోషుడు',	2),
(1392,	311,	'అశ్వఘోషుడు',	3),
(1393,	311,	'పద్మా నంది',	4),
(1398,	313,	'భద్ర బాహు',	1),
(1399,	313,	'స్థూల భద్రుడు',	2),
(1400,	313,	'కుండ కుందనా ఆచార్యుడు',	3),
(1401,	313,	'సింహా నంది',	4),
(1402,	314,	'పీరిగియుడు',	1),
(1403,	314,	'భావరి',	2),
(1404,	314,	'కాత్యాయనుడు',	3),
(1405,	314,	'కశ్యపుడు',	4),
(1406,	315,	'డిజ్ఞాజుడు',	1),
(1407,	315,	'బుద్ధ పాలితుడు',	2),
(1408,	315,	'బుద్ధ గొషుడు',	3),
(1409,	315,	'భావ వివేకుడు',	4),
(1410,	316,	'బుద్ధ పాలితుడు',	1),
(1411,	316,	'కౌండిన్య',	2),
(1412,	316,	'ధర్మ కీర్తి',	3),
(1413,	316,	'అశ్వఘోషుడు',	4),
(1414,	317,	'మైత్రేయ నాథుడు',	1),
(1415,	317,	'మా హస్త వీరుడు do',	2),
(1416,	317,	'వసు బంధు',	3),
(1417,	317,	'ఆచార్య నాగార్జునుడు',	4),
(1418,	318,	'తాళ్ళపాక',	1),
(1419,	318,	'ప్రొద్దుటూరు',	2),
(1420,	318,	'నందలూరు',	3),
(1421,	318,	'జమ్మలమడుగు గు',	4),
(1422,	319,	'మహాయానం',	1),
(1423,	319,	'హీనయానం',	2),
(1424,	319,	'వజ్రయానం ',	3),
(1425,	319,	'స్థూల వాదం',	4),
(1426,	320,	'అమరావతి',	1),
(1427,	320,	'నేలకొండపల్లి',	2),
(1428,	320,	'భట్టిప్రోలు',	3),
(1429,	320,	'చందవరం',	4),
(1430,	321,	'సారనాథ్',	1),
(1431,	321,	'సాంచి',	2),
(1432,	321,	'కౌశాంబి',	3),
(1433,	321,	'రాజగృహ',	4),
(1434,	322,	'మార్ధకులు',	1),
(1435,	322,	'కసకారులు',	2),
(1436,	322,	'కోలికులు',	3),
(1437,	322,	'కుల రికులు',	4),
(1438,	323,	'గాథా సప్తశతి',	1),
(1439,	323,	'రసరత్నాకరం',	2),
(1440,	323,	'వాత్సాయన కామసూత్రాలు',	3),
(1441,	323,	'రాజమౌళి కథ',	4),
(1442,	324,	'నరసాలా',	1),
(1443,	324,	'పైటన్',	2),
(1444,	324,	'వైజయంతి',	3),
(1445,	324,	'కోడూరు',	4),
(1446,	325,	'వినుకొండ',	1),
(1447,	325,	'పలనాడు',	2),
(1448,	325,	'ధరణికోట',	3),
(1449,	325,	'కొల్లూరు',	4),
(1450,	326,	'కళ్యాణి',	1),
(1451,	326,	'సోపార్',	2),
(1452,	326,	'మసుల',	3),
(1453,	326,	'బరుకచ్చ',	4),
(1458,	328,	'సింహాలనికి చెందిన బౌద్ధ రాజు',	1),
(1459,	328,	'సింహాలనికి చెందిన జైన రాజు',	2),
(1460,	328,	'తమిళ దేశానికి చెందిన హిందూ రాజు',	3),
(1461,	328,	'కర్ణాటకకు చెందిన జైన రాజు',	4),
(1462,	329,	'6 వ శిలాశాసనం',	1),
(1463,	329,	'12 వ శిలాశాసనం',	2),
(1464,	329,	'7 వ శిలాశాసనం',	3),
(1465,	329,	'13 వ శిలాశాసనం ',	4),
(1466,	330,	'జంటు',	1),
(1467,	330,	'తైలంగు',	2),
(1468,	330,	'తెలుగు',	3),
(1469,	330,	'తెనుగు',	4),
(1470,	331,	'లీలావతి పరిణయం',	1),
(1471,	331,	'బృహత్కథ',	2),
(1472,	331,	'గాథా సప్తశతి',	3),
(1473,	331,	'గార్గి సంహిత',	4),
(1474,	332,	'పరిపాలన స్థానం',	1),
(1475,	332,	'సైనిక స్థావరం',	2),
(1476,	332,	'ఉద్యోగుల నివాసం',	3),
(1477,	332,	'రాజభవనం అం',	4),
(1478,	333,	'నాగార్జునకొండ శాసనం',	1),
(1479,	333,	'గుంటుపల్లి శాసనం',	2),
(1480,	333,	'అమరావతి శాసనం',	3),
(1481,	333,	'ఘంటసాల శాసనం',	4),
(1482,	334,	'ఏ.ఆర్ సరస్వతి',	1),
(1483,	334,	'అలెగ్జాండర్',	2),
(1484,	334,	'కన్నింగ్ హామ్',	3),
(1485,	334,	'కర్నూల్ మెకంజీ',	4),
(1486,	335,	'కంటక శిల',	1),
(1487,	335,	'ధనద పురం',	2),
(1488,	335,	'ప్రతిపాలపురం',	3),
(1489,	335,	'సారంగపురం',	4),
(1490,	336,	'సింహం నంది',	1),
(1491,	336,	'కొండ కీర్తి',	2),
(1492,	336,	'ధర్మ కీర్తి',	3),
(1493,	336,	'కొండ కుందన ఆచార్యుడు',	4),
(1494,	337,	'7వ గుహ',	1),
(1495,	337,	'9వ వగుహ',	2),
(1496,	337,	'12వ గుహ',	3),
(1497,	337,	'29 వ గుహ',	4),
(1498,	338,	'కొండ కుందన ఆచార్యులు',	1),
(1499,	338,	'సింహా నంది',	2),
(1500,	338,	'కాలకచూరి',	3),
(1501,	338,	'బాలక పించ',	4),
(1502,	339,	'మహా సాంఘిక శాఖ',	1),
(1503,	339,	' పూర్వ శైల శాఖ',	2),
(1504,	339,	'భద్ర నియశాఖ',	3),
(1505,	339,	'తేరవాధ శాఖ',	4),
(1506,	340,	'పద్మనాభుడు',	1),
(1507,	340,	'పుష్పదంతుడు',	2),
(1508,	340,	'పద్మ నందిని బట్టా కర',	3),
(1509,	340,	'కుందన్ ఆచార్య',	4),
(1510,	341,	'వైదిక శాఖ',	1),
(1511,	341,	'శైవ శాఖ',	2),
(1512,	341,	'భాగవత శాఖ',	3),
(1513,	341,	'పౌరాణిక శాఖ',	4),
(1514,	342,	'కల్నల్ మెకంజీ',	1),
(1515,	342,	'అలెగ్జాండర్ రే',	2),
(1516,	342,	'బ్రూస్ పూట్',	3),
(1517,	342,	'ఏ ఆర్ సరస్వతి',	4),
(1518,	343,	'బోధి వృక్షం',	1),
(1519,	343,	'అశ్వము',	2),
(1520,	343,	'స్తూపము',	3),
(1521,	343,	'తామర పువ్వు',	4),
(1522,	344,	'అమరావతి ఇ',	1),
(1523,	344,	'నాగార్జునకొండ',	2),
(1524,	344,	'బేతవోలు',	3),
(1525,	344,	'భట్టిప్రోలు',	4),
(1526,	345,	'బౌద్ధుల విశ్రాంతి మందిరం',	1),
(1527,	345,	'జైనుల సమావేశ మందిరం',	2),
(1528,	345,	'బౌద్ధుల సమావేశ మందిరం',	3),
(1529,	345,	'బౌద్ధుల ప్రార్థనా మందిరం',	4),
(1530,	346,	'అమరావతి',	1),
(1531,	346,	'భట్టిప్రోలు',	2),
(1532,	346,	'జగ్గయ్యపేట',	3),
(1533,	346,	'గుంటుపల్లి',	4),
(1534,	347,	'మహా స్తూపం',	1),
(1535,	347,	'ఓటివ్ రూపం',	2),
(1536,	347,	'ఉద్దేశిక సుఖం',	3),
(1537,	347,	'పారి భోజక స్తూపం',	4),
(1542,	349,	'భట్టిప్రోలు',	1),
(1543,	349,	'వేంగి',	2),
(1544,	349,	'గుమ్మడిదుర్రు',	3),
(1545,	349,	'ఆదుర్రు',	4),
(1550,	350,	'అలెగ్జాండర్ రే',	1),
(1551,	350,	'సంకాలియా',	2),
(1552,	350,	'బండార్కర్',	3),
(1553,	350,	'మెకంజి',	4),
(1558,	351,	'శాలిహుండం',	1),
(1559,	351,	'శంకరం',	2),
(1560,	351,	'రామతీర్థం',	3),
(1561,	351,	'ఆదుర్రు',	4),
(1562,	352,	'అమరావతి శాసనం',	1),
(1563,	352,	'కన్హరీ శాసనం',	2),
(1564,	352,	'నాసిక్ శాసనం',	3),
(1565,	352,	'నానాఘాట్ శాసనం',	4),
(1566,	353,	'ఎల్లోరా',	1),
(1567,	353,	'అజంతా',	2),
(1568,	353,	'నాగార్జునకొండ',	3),
(1569,	353,	'జగ్గయ్యపేట',	4),
(1570,	348,	'సుదామరుషి గుహ',	1),
(1571,	348,	'కార్లే గుహ',	2),
(1572,	348,	'బిళ్ళ సర్గం గుహ',	3),
(1573,	348,	'భింబట్క గుహ',	4),
(1574,	327,	'మహారాష్ట్ర',	1),
(1575,	327,	'విధర్బ ',	2),
(1576,	327,	'మధ్యప్రదేశ్',	3),
(1577,	327,	'సౌరాష్ట్ర',	4),
(1578,	312,	'దశమల్ల',	1),
(1579,	312,	'భవారి',	2),
(1580,	312,	'పిరిగియుడు',	3),
(1581,	312,	'మహన్నతుడు',	4),
(1582,	278,	'నానాఘాట్',	1),
(1583,	278,	'చిన్నగంజాం',	2),
(1584,	278,	'నాసిక్ శాసనం',	3),
(1585,	278,	'కార్లే శాసనం',	4);

DROP TABLE IF EXISTS `question_tags`;
CREATE TABLE `question_tags` (
  `id` bigint NOT NULL,
  `tag_id` int NOT NULL,
  `question_id` bigint NOT NULL
) ENGINE=InnoDB DEFAULT CHARSET=utf8mb4 COLLATE=utf8mb4_0900_ai_ci;


DROP TABLE IF EXISTS `questions`;
CREATE TABLE `questions` (
  `id` bigint NOT NULL AUTO_INCREMENT,
  `name` text NOT NULL,
  `type` varchar(55) NOT NULL,
  `answer` varchar(55) NOT NULL,
  `created` datetime NOT NULL,
  `modified` datetime NOT NULL,
  `deleted` tinyint(1) NOT NULL DEFAULT '0',
  `subject` varchar(45) DEFAULT NULL,
  `level` varchar(45) DEFAULT NULL,
  `difficulty_level` int DEFAULT '1',
  `tags` text,
  PRIMARY KEY (`id`),
  KEY `level` (`level`),
  KEY `difficulty_level` (`difficulty_level`)
) ENGINE=InnoDB DEFAULT CHARSET=utf8mb4 COLLATE=utf8mb4_0900_ai_ci;

INSERT INTO `questions` (`id`, `name`, `type`, `answer`, `created`, `modified`, `deleted`, `subject`, `level`, `difficulty_level`, `tags`) VALUES
(1,	'What is the capital of Telangana?',	'MultipleChoice-SingleAnswer',	'2',	'2021-03-21 12:38:20',	'2021-03-29 06:13:36',	1,	'English',	NULL,	1,	NULL),
(2,	'Who is India\'s PM?',	'MultipleChoice-SingleAnswer',	'4',	'2021-03-21 13:54:55',	'2021-03-29 06:13:20',	1,	'English',	NULL,	1,	NULL),
(3,	'What is India\'s national animal?',	'MultipleChoice-SingleAnswer',	'3',	'2021-03-21 13:57:35',	'2021-03-28 03:08:22',	1,	'English',	NULL,	1,	NULL),
(4,	'Which group does king cobra belong to?',	'MultipleChoice-SingleAnswer',	'3',	'2021-03-21 14:05:54',	'2021-03-29 06:13:08',	1,	'English',	NULL,	1,	NULL),
(5,	'What is the chemical name for water?',	'MultipleChoice-SingleAnswer',	'2',	'2021-03-23 02:34:01',	'2021-03-23 03:50:21',	0,	'English',	NULL,	1,	NULL),
(6,	'Newton\'s third law is... Newton\'s third law is ...Newton\'s third law is...Newton\'s third law is...Newton\'s third law isNewton\'s third law isNewton\'s third law isNewton\'s third law isNewton\'s third law isNewton\'s third law isNewton\'s third law is',	'MultipleChoice-SingleAnswer',	'3',	'2021-03-23 02:36:14',	'2021-03-29 06:09:17',	1,	'English',	NULL,	1,	NULL),
(7,	'What is 10+2 = ?',	'MultipleChoice-SingleAnswer',	'3',	'2021-03-23 02:36:53',	'2021-03-28 03:08:45',	1,	'English',	NULL,	1,	NULL),
(8,	'What comes after in the following series 2, 4, 6, ...',	'MultipleChoice-SingleAnswer',	'1',	'2021-03-23 02:37:34',	'2021-03-29 06:09:04',	1,	'English',	NULL,	1,	NULL),
(9,	'Which of following is essential for our survival',	'MultipleChoice-SingleAnswer',	'4',	'2021-03-23 02:38:57',	'2021-03-23 02:38:57',	0,	'English',	NULL,	1,	NULL),
(10,	'How many legs does a bird have?',	'MultipleChoice-SingleAnswer',	'2',	'2021-03-23 02:40:32',	'2021-03-28 03:09:13',	1,	'English',	NULL,	1,	NULL),
(11,	'What is sun?',	'MultipleChoice-SingleAnswer',	'3',	'2021-03-23 02:41:45',	'2021-03-23 03:50:12',	0,	'English',	NULL,	1,	NULL),
(12,	'<p>What is <strong>Sun </strong>composed of?</p>\r\n',	'MultipleChoice-SingleAnswer',	'1',	'2021-03-23 02:42:52',	'2021-03-29 06:08:47',	1,	'English',	NULL,	1,	NULL),
(13,	'<p><strong><math xmlns=\"http://www.w3.org/1998/Math/MathML\"><mo>&#177;</mo><mo>&#8834;</mo><mo>&#8745;</mo><mo>&#8804;</mo></math><math xmlns=\"http://www.w3.org/1998/Math/MathML\"><mi mathvariant=\"normal\">&#960;</mi><mfrac bevelled=\"true\"><mn>2</mn><mn>4</mn></mfrac></math><math xmlns=\"http://www.w3.org/1998/Math/MathML\"><mroot><mrow><mi>x</mi><mn>5</mn></mrow><mn>2</mn></mroot></math></strong><math xmlns=\"http://www.w3.org/1998/Math/MathML\"><msqrt><mn>44</mn></msqrt></math></p>\r\n',	'MultipleChoice-SingleAnswer',	'1',	'2021-03-24 14:22:21',	'2021-03-28 03:12:27',	1,	'English',	NULL,	1,	NULL),
(14,	'<p>Who is who?</p>\r\n',	'MultipleChoice-SingleAnswer',	'1',	'2021-03-25 03:38:04',	'2021-03-28 03:08:37',	1,	'English',	NULL,	1,	NULL),
(15,	'<p>Question with 3 options</p>\r\n',	'MultipleChoice-SingleAnswer',	'1',	'2021-03-25 03:38:36',	'2021-03-28 03:08:30',	1,	'English',	NULL,	1,	NULL),
(16,	'<p>మీరు ఆహారం&nbsp;&nbsp; &nbsp;తీసుకున్నప్పుడు ఆహారం వాయు నాళం లోకి వెళ్లకుండా నియంత్రిచే &nbsp; కండరం</p>\r\n',	'MultipleChoice-SingleAnswer',	'2',	'2021-03-27 13:24:11',	'2021-03-27 13:24:11',	0,	'English',	NULL,	1,	NULL),
(17,	'<p>మన జాతీయ పక్షి<span style=\"white-space:pre\"> </span>పేరు&nbsp; ?<span style=\"white-space:pre\"> </span></p>\r\n',	'MultipleChoice-SingleAnswer',	'2',	'2021-03-27 13:26:05',	'2021-03-27 13:26:05',	0,	'English',	NULL,	1,	NULL),
(18,	'<p>Anand Math Book is written by</p>\r\n',	'MultipleChoice-SingleAnswer',	'3',	'2021-03-28 03:12:14',	'2021-03-28 03:12:14',	0,	'English',	NULL,	1,	NULL),
(19,	'<p>&quot;Divine Comedy &quot; Wriiten by</p>\r\n',	'MultipleChoice-SingleAnswer',	'1',	'2021-03-28 03:14:02',	'2021-03-28 03:14:02',	0,	'English',	NULL,	1,	NULL),
(20,	'<p>&quot; Indian War Of Independence &quot; Author</p>\r\n',	'MultipleChoice-SingleAnswer',	'2',	'2021-03-28 03:17:43',	'2021-03-28 03:17:43',	0,	'English',	NULL,	1,	NULL),
(21,	'<p>&quot; Hindu View Of Life &quot; Book written by</p>\r\n',	'MultipleChoice-SingleAnswer',	'2',	'2021-03-28 03:20:02',	'2021-03-28 03:20:02',	0,	'English',	NULL,	1,	NULL),
(22,	'<p>The Famouse &quot;Pancha Tantra &quot; in Sanskrit written by</p>\r\n',	'MultipleChoice-SingleAnswer',	'2',	'2021-03-28 03:21:50',	'2021-03-28 03:21:50',	0,	'English',	NULL,	1,	NULL),
(23,	'<p>Charles Darwin Famouse by his</p>\r\n',	'MultipleChoice-SingleAnswer',	'4',	'2021-03-28 03:23:48',	'2021-03-28 03:23:48',	0,	'English',	NULL,	1,	NULL),
(24,	'<p>&quot; Discovery Of India &quot; Written by</p>\r\n',	'MultipleChoice-SingleAnswer',	'2',	'2021-03-28 03:25:57',	'2021-03-28 03:25:57',	0,	'English',	NULL,	1,	NULL),
(25,	'<p>&quot; My Experiments with Truth &quot; is a autobiography of</p>\r\n',	'MultipleChoice-SingleAnswer',	'1',	'2021-03-28 03:28:13',	'2021-03-28 03:28:13',	0,	'English',	NULL,	1,	NULL),
(26,	'<p>TulsiDas famouse with is</p>\r\n',	'MultipleChoice-SingleAnswer',	'3',	'2021-03-28 03:30:35',	'2021-03-28 03:30:35',	0,	'English',	NULL,	1,	NULL),
(27,	'<p>Land of Mid night sun is called</p>\r\n',	'MultipleChoice-SingleAnswer',	'4',	'2021-03-28 04:39:55',	'2021-03-28 04:39:55',	0,	'English',	NULL,	1,	NULL),
(28,	'<p>The Rur-Complex is a Major industrial centre in</p>\r\n',	'MultipleChoice-SingleAnswer',	'2',	'2021-03-28 04:41:25',	'2021-03-28 04:41:25',	0,	'English',	NULL,	1,	NULL),
(29,	'<p>The Capital of Finland is</p>\r\n',	'MultipleChoice-SingleAnswer',	'3',	'2021-03-28 04:43:03',	'2021-03-28 04:43:03',	0,	'English',	NULL,	1,	NULL),
(30,	'<p>The Capital Of Australia is</p>\r\n',	'MultipleChoice-SingleAnswer',	'1',	'2021-03-28 04:44:21',	'2021-03-28 04:44:21',	0,	'English',	NULL,	1,	NULL),
(31,	'<p>The Capital of Bhutan is</p>\r\n',	'MultipleChoice-SingleAnswer',	'4',	'2021-03-28 04:45:14',	'2021-03-28 04:45:14',	0,	'English',	NULL,	1,	NULL),
(32,	'<p>The largest gold producing country in the worl is</p>\r\n',	'MultipleChoice-SingleAnswer',	'3',	'2021-03-28 04:46:54',	'2021-03-28 04:46:54',	0,	'English',	NULL,	1,	NULL),
(33,	'<p>wimbledon is place connected with</p>\r\n',	'MultipleChoice-SingleAnswer',	'3',	'2021-03-28 04:50:06',	'2021-03-28 04:50:06',	0,	'English',	NULL,	1,	NULL),
(34,	'<p>At The&nbsp; Equator almost the duration of a day is</p>\r\n',	'MultipleChoice-SingleAnswer',	'2',	'2021-03-28 04:51:57',	'2021-03-28 04:51:57',	0,	'English',	NULL,	1,	NULL),
(35,	'<p>Bankok is famous for</p>',	'MultipleChoice-SingleAnswer',	'3',	'2021-03-28 04:53:00',	'2021-03-30 15:17:59',	0,	'General Knowledge',	'General',	1,	''),
(36,	'<p>The longest river in the World is</p>\r\n',	'MultipleChoice-SingleAnswer',	'2',	'2021-03-28 04:54:06',	'2021-03-28 04:54:06',	0,	'English',	NULL,	1,	NULL),
(37,	'<p>&nbsp;&quot; ది ఎండ్ ఆఫ్ ఎన్ ఎరా &quot; పుస్తక రచయిత</p>\r\n',	'MultipleChoice-SingleAnswer',	'4',	'2021-03-28 05:10:20',	'2021-03-28 05:10:20',	0,	'Telugu',	NULL,	1,	NULL),
(38,	'<p>భారతదేశం లోని మొత్తం పిన్ కోడ్ జోన్ ల సంఖ్య ?</p>\r\n',	'MultipleChoice-SingleAnswer',	'4',	'2021-03-28 08:28:49',	'2021-03-28 08:28:49',	0,	'Telugu',	NULL,	1,	NULL),
(39,	'<p>&quot; మెయిన్&nbsp;క్యాంప్&quot; పుస్తక రచయిత</p>\r\n',	'MultipleChoice-SingleAnswer',	'4',	'2021-03-28 08:35:36',	'2021-03-28 08:35:36',	0,	'Telugu',	NULL,	1,	NULL),
(40,	'<p>దాదా సాహెబ్ పాల్కే అవార్డు పొందిన మొదటి వ్యక్తి</p>\r\n',	'MultipleChoice-SingleAnswer',	'3',	'2021-03-28 08:39:09',	'2021-03-28 08:39:09',	0,	'Telugu',	NULL,	1,	NULL),
(41,	'<p>జాతీయ పోలీసు అకాడమీ ఉన్న &nbsp;చోటు</p>\r\n',	'MultipleChoice-SingleAnswer',	'3',	'2021-03-28 08:41:57',	'2021-03-28 08:41:57',	0,	'Telugu',	NULL,	1,	NULL),
(42,	'<p>జర్మనీ కరెన్సీ యూనిట్</p>\r\n',	'MultipleChoice-SingleAnswer',	'2',	'2021-03-28 08:44:29',	'2021-03-28 08:44:29',	0,	'Telugu',	NULL,	1,	NULL),
(43,	'<p>మొదటి ప్రవాసి భారతీయ దివస్ ఢిల్లి లొ ఎ సంవత్సరం లొ జరిగింది</p>\r\n',	'MultipleChoice-SingleAnswer',	'3',	'2021-03-28 08:47:54',	'2021-03-28 08:47:54',	0,	'Telugu',	NULL,	1,	NULL),
(44,	'<p>దక్షిణా మధ్య రైల్వే కేంద్ర కార్యలయము యెక్కడ ఉన్నది</p>\r\n',	'MultipleChoice-SingleAnswer',	'3',	'2021-03-28 08:51:08',	'2021-03-28 08:51:08',	0,	'Telugu',	NULL,	1,	NULL),
(45,	'<p>ఉస్తావ్ బడే గులాం అలిఖాన్ ఒక ప్రఖ్యాత ?</p>\r\n',	'MultipleChoice-SingleAnswer',	'4',	'2021-03-28 08:54:20',	'2021-03-28 08:54:20',	0,	'Telugu',	NULL,	1,	NULL),
(46,	'<p>&quot;&nbsp;ఐక్యరాజ్యసమితి జయంతి &quot; ఏ రోజున జరుపుకుంటారు</p>\r\n',	'MultipleChoice-SingleAnswer',	'2',	'2021-03-28 09:00:48',	'2021-03-28 09:00:48',	0,	'Telugu',	NULL,	1,	NULL),
(47,	'<p>తెల్ల ఏనుగుల దేశం</p>\r\n',	'MultipleChoice-SingleAnswer',	'4',	'2021-03-28 09:05:11',	'2021-03-28 09:05:11',	0,	'Telugu',	NULL,	1,	NULL),
(48,	'<p>&nbsp;&quot;ఉదయించే సూర్యుని దేశం&quot; అని దేనిని పిలుస్తారు</p>\r\n',	'MultipleChoice-SingleAnswer',	'1',	'2021-03-28 09:08:32',	'2021-03-28 09:08:32',	0,	'Telugu',	NULL,	1,	NULL),
(49,	'<p>ఆఫ్రికా ను ఎమని పిలుస్తారు</p>\r\n',	'MultipleChoice-SingleAnswer',	'4',	'2021-03-28 09:10:52',	'2021-03-28 09:11:06',	0,	'Telugu',	NULL,	1,	NULL),
(50,	'<p>&quot;సుందర్ లాల్ బహుగుణ&quot; ఒక&nbsp;</p>\r\n',	'MultipleChoice-SingleAnswer',	'4',	'2021-03-28 09:15:01',	'2021-03-28 09:15:01',	0,	'Telugu',	NULL,	1,	NULL),
(51,	'<p>&quot; సన్స్ అండ్ లవర్స్ &quot; నవలా రచయిత</p>\r\n',	'MultipleChoice-SingleAnswer',	'4',	'2021-03-28 09:20:58',	'2021-03-28 09:20:58',	0,	'Telugu',	NULL,	1,	NULL),
(52,	'<p>భారతఃదేశంలో అత్యంత పొడవైన నది ?</p>\r\n\r\n<p>&nbsp;</p>\r\n',	'MultipleChoice-SingleAnswer',	'2',	'2021-03-28 12:19:20',	'2021-03-28 12:19:20',	0,	'Telugu',	NULL,	1,	NULL),
(53,	'<p>ప్రపంచలోకెల్ల అతిపెద్ద డెల్టా ఏది ?</p>\r\n',	'MultipleChoice-SingleAnswer',	'4',	'2021-03-28 12:21:13',	'2021-03-28 12:21:13',	0,	'Telugu',	NULL,	1,	NULL),
(54,	'<p>&quot; నేషనల్ ఇన్స్టిట్యూట్ ఒఫ్ ఓషియానోగ్రాఫి &quot; ఎక్కడ ఉంది?</p>\r\n',	'MultipleChoice-SingleAnswer',	'3',	'2021-03-28 12:23:06',	'2021-03-28 12:23:06',	0,	'Telugu',	NULL,	1,	NULL),
(55,	'<p>&quot; కబినీ&quot; ఆనకట్ట ఏ రాష్ట్రం లో ఉన్నది ?</p>\r\n\r\n<p>&nbsp;</p>\r\n',	'MultipleChoice-SingleAnswer',	'1',	'2021-03-28 12:24:46',	'2021-03-28 12:24:46',	0,	'Telugu',	NULL,	1,	NULL),
(56,	'<p>మన&nbsp;దేశంలోని మొట్టమొదటి &quot; రాకెట్ లాంచింగ్ &quot;కేంద్రం ఎక్కడ నెలకొల్పారు?</p>\r\n',	'MultipleChoice-SingleAnswer',	'1',	'2021-03-28 12:27:26',	'2021-03-28 14:28:53',	0,	'Telugu',	NULL,	1,	NULL),
(57,	'<p>భారత జాతీయ కాంగ్రెస్ ఎప్పుడు స్టాపించారు</p>\r\n',	'MultipleChoice-SingleAnswer',	'3',	'2021-03-28 12:38:03',	'2021-03-28 12:38:03',	0,	'Telugu',	NULL,	1,	NULL),
(58,	'<p>మనదేశంలో ముద్రించబడిన మొట్టమొదటి వార్తాపత్రిక</p>\r\n',	'MultipleChoice-SingleAnswer',	'2',	'2021-03-28 12:40:52',	'2021-03-28 12:40:52',	0,	'Telugu',	NULL,	1,	NULL),
(59,	'<p>&quot; విండ్ ఎనర్జీ టెక్నాలజి సెంటర్ &quot; ఎక్కడ ఏర్పాటు చేయబడింది?</p>\r\n',	'MultipleChoice-SingleAnswer',	'3',	'2021-03-28 12:43:08',	'2021-03-28 12:43:08',	0,	'Telugu',	NULL,	1,	NULL),
(60,	'<p>రాజాజీ జాతీయ పార్కుగా పేరొందిన పులుల సంరక్షణ కేంద్రం యెక్కడ ఉన్నది ?</p>\r\n',	'MultipleChoice-SingleAnswer',	'4',	'2021-03-28 12:45:25',	'2021-03-28 12:45:25',	0,	'Telugu',	NULL,	1,	NULL),
(61,	'<p>&quot; జన్యు శాస్త్ర పితామహుడు &quot; గా పులువబడేవారు</p>\r\n',	'MultipleChoice-SingleAnswer',	'4',	'2021-03-28 12:47:56',	'2021-03-28 12:47:56',	0,	'Telugu',	NULL,	1,	NULL),
(62,	'<p>&quot;సోనోగ్రఫీ &quot;లో వాడే తరంగాలు&nbsp;</p>\r\n',	'MultipleChoice-SingleAnswer',	'3',	'2021-03-28 12:53:05',	'2021-03-28 12:53:05',	0,	'Telugu',	NULL,	1,	NULL),
(63,	'<p>నోబెల్ బహుమతి పొందిన మొదటి మహిళా ఎవరు ?</p>\r\n',	'MultipleChoice-SingleAnswer',	'2',	'2021-03-28 12:54:51',	'2021-03-28 12:54:51',	0,	'Telugu',	NULL,	1,	NULL),
(64,	'<p>&quot; ది గాడ్ ఆఫ్ స్మాల్ థింగ్స్ &quot; పుస్తక రచయిత</p>\r\n',	'MultipleChoice-SingleAnswer',	'1',	'2021-03-28 12:58:02',	'2021-03-28 12:58:02',	0,	'Telugu',	NULL,	1,	NULL),
(65,	'<p>విద్యుత్ నిరోదాన్ని ఏ యూనిట్లలో కొలుస్తారు?</p>\r\n',	'MultipleChoice-SingleAnswer',	'2',	'2021-03-28 13:00:02',	'2021-03-28 13:00:02',	0,	'Telugu',	NULL,	1,	NULL),
(66,	'<p>చేపల గూర్చి వివరించు శాస్త్రాన్ని ఏమంటారు ?</p>\r\n',	'MultipleChoice-SingleAnswer',	'3',	'2021-03-28 13:03:26',	'2021-03-28 13:03:26',	0,	'Telugu',	NULL,	1,	NULL),
(67,	'<p>విక్రమ్ సారా భాయి స్పేస్ సెంటర్ ఏక్కడ ఉంది ?</p>\r\n',	'MultipleChoice-SingleAnswer',	'2',	'2021-03-28 13:07:10',	'2021-03-28 13:07:10',	0,	'Telugu',	NULL,	1,	NULL),
(68,	'<p>&quot; ఐక్యరాజ్య సమితి&nbsp; విశ్వ విద్యాలయం &quot;ప్రధాన కారాయలయం యెక్కడ ఉంది?</p>\r\n',	'MultipleChoice-SingleAnswer',	'3',	'2021-03-28 13:10:02',	'2021-03-28 13:10:02',	0,	'Telugu',	NULL,	1,	NULL),
(69,	'<p>అయోద్య ఏ నది ఒడ్డున ఉన్నది ?<span style=\"white-space:pre\"> </span></p>\r\n',	'MultipleChoice-SingleAnswer',	'4',	'2021-03-28 13:10:58',	'2021-03-28 13:10:58',	0,	'Telugu',	NULL,	1,	NULL),
(70,	'<p>భారత వైమానిక దినోత్సవం ఏ రోజున నిర్వహిస్తారు</p>\r\n',	'MultipleChoice-SingleAnswer',	'2',	'2021-03-28 13:13:10',	'2021-03-28 13:13:10',	0,	'Telugu',	NULL,	1,	NULL),
(71,	'<p>పోలండ్ దేశ రాజధాని ఏది ?<span style=\"white-space:pre\"> </span></p>\r\n',	'MultipleChoice-SingleAnswer',	'4',	'2021-03-28 13:14:35',	'2021-03-28 13:14:35',	0,	'Telugu',	NULL,	1,	NULL),
(72,	'<p>నాగలాండ్ రాష్ట్ర రాజధాని&nbsp; ?</p>\r\n',	'MultipleChoice-SingleAnswer',	'4',	'2021-03-28 13:15:58',	'2021-03-28 13:15:58',	0,	'Telugu',	NULL,	1,	NULL),
(73,	'<p>BAARC .........</p>\r\n',	'MultipleChoice-SingleAnswer',	'3',	'2021-03-28 13:19:00',	'2021-03-28 13:19:00',	0,	'Telugu',	NULL,	1,	NULL),
(74,	'<p>భారత దేశంలో మొట్టమొదటి మహిళ ముక్యమంత్రి ఎవరు ?</p>\r\n',	'MultipleChoice-SingleAnswer',	'4',	'2021-03-28 13:21:39',	'2021-03-28 13:21:39',	0,	'Telugu',	NULL,	1,	NULL),
(75,	'<p>ఎక్స్-రేస్ ( X- Rays) ను కనుగొనినది ?</p>\r\n',	'MultipleChoice-SingleAnswer',	'2',	'2021-03-28 13:24:04',	'2021-03-28 13:24:04',	0,	'Telugu',	NULL,	1,	NULL),
(76,	'<p>సుప్రీం కోర్ట్ తొలి ప్రధాన న్యాయమూర్తి ఎవరు ?</p>\r\n',	'MultipleChoice-SingleAnswer',	'3',	'2021-03-28 13:26:38',	'2021-03-28 13:26:38',	0,	'Telugu',	NULL,	1,	NULL),
(77,	'<p>&quot; ఏ నేషన్ ఇన్ ది మేకింగ్ &quot; పుస్తక రచయిత</p>\r\n',	'MultipleChoice-SingleAnswer',	'4',	'2021-03-28 13:33:50',	'2021-03-28 13:33:50',	0,	'Telugu',	NULL,	1,	NULL),
(78,	'<p>కమ్యూనిస్ట్ పార్టీ ఒఫ్ ఇండియా ( మార్కిస్ట్) ఎప్పుడు స్టాపించారు ?</p>\r\n',	'MultipleChoice-SingleAnswer',	'2',	'2021-03-28 13:35:42',	'2021-03-28 13:35:42',	0,	'Telugu',	NULL,	1,	NULL),
(79,	'<p>&quot; యునెస్కో &quot; ప్రధాన కార్యలయం యెక్కడ ఉన్నది ?</p>\r\n',	'MultipleChoice-SingleAnswer',	'3',	'2021-03-28 13:37:31',	'2021-03-28 13:37:31',	0,	'Telugu',	NULL,	1,	NULL),
(80,	'<p>.&quot; పవిత్ర భూమి &quot; అని దేనిని అంటారు ?<span style=\"white-space:pre\"> </span></p>\r\n',	'MultipleChoice-SingleAnswer',	'1',	'2021-03-28 13:39:08',	'2021-03-28 13:39:08',	0,	'Telugu',	NULL,	1,	NULL),
(81,	'<p>&quot;ఇటాలియన్ ఆఫ్ డి ఈస్ట్ &quot; అని ఏ భాషను అంటారు</p>\r\n',	'MultipleChoice-SingleAnswer',	'1',	'2021-03-28 13:40:45',	'2021-03-28 13:40:45',	0,	'Telugu',	NULL,	1,	NULL),
(82,	'<p>అంతర్జాతీయ విద్యా దినోత్సవం ఏ రోజున జరుపుకుంటారు ?</p>\r\n',	'MultipleChoice-SingleAnswer',	'2',	'2021-03-28 13:42:15',	'2021-03-28 13:42:15',	0,	'Telugu',	NULL,	1,	NULL),
(83,	'<p>భారత వ్యవసాయ పరిశోదన సంస్థ (IARI) ఎక్కడ స్థాపించబదడినది ?</p>\r\n',	'MultipleChoice-SingleAnswer',	'1',	'2021-03-28 13:44:55',	'2021-03-28 13:44:55',	0,	'Telugu',	NULL,	1,	NULL),
(84,	'<p>&quot; గాడ్స్ ఔన్ కంట్రి &quot; అని ఏ రాష్ట్రాన్ని పిలుస్తారు ?</p>\r\n',	'MultipleChoice-SingleAnswer',	'4',	'2021-03-28 13:46:25',	'2021-03-28 13:46:25',	0,	'Telugu',	NULL,	1,	NULL),
(85,	'<p>భారత దేశ మొట్టమొదటి టెస్ట్ క్రికెటర్ ?</p>\r\n',	'MultipleChoice-SingleAnswer',	'4',	'2021-03-28 13:47:50',	'2021-03-28 13:47:50',	0,	'Telugu',	NULL,	1,	NULL),
(86,	'<p>సైలెంట్ వ్యాలీ&nbsp; &quot; ఏ రాష్ట్రం లో ఉంది&nbsp;</p>\r\n',	'MultipleChoice-SingleAnswer',	'3',	'2021-03-28 13:49:21',	'2021-03-28 13:49:21',	0,	'Telugu',	NULL,	1,	NULL),
(87,	'<p>నక్షత్రాల పరిణామంపై పరిశోధనలు జరిపిన శాస్త్రజ్ఞుడు</p>\r\n',	'MultipleChoice-SingleAnswer',	'3',	'2021-03-29 05:11:02',	'2021-03-29 05:11:02',	0,	'Telugu',	NULL,	1,	NULL),
(88,	'<p>మెషిన్ గన్ ను కనుగొనిన శాస్త్రవేత్త&nbsp;</p>\r\n',	'MultipleChoice-SingleAnswer',	'3',	'2021-03-29 05:14:23',	'2021-03-29 05:14:23',	0,	'Telugu',	NULL,	1,	NULL),
(89,	'<p>&quot; స్టెతస్కోప్ను&nbsp; &quot; కనుగొన్నవారు</p>\r\n',	'MultipleChoice-SingleAnswer',	'3',	'2021-03-29 05:17:55',	'2021-03-29 05:17:55',	0,	'Telugu',	NULL,	1,	NULL),
(90,	'<p>కృత్రిమ గుండెను కనుగొనిన విలియం కొల్ప్ ఏ దేశస్థుడు<span style=\"white-space:pre\"> </span></p>\r\n',	'MultipleChoice-SingleAnswer',	'2',	'2021-03-29 05:19:45',	'2021-03-29 05:19:45',	0,	'Telugu',	NULL,	1,	NULL),
(91,	'<p>రివాల్వర్ ను కొనుగొన్నదేవరు ?</p>\r\n',	'MultipleChoice-SingleAnswer',	'4',	'2021-03-29 05:21:41',	'2021-03-29 05:21:41',	0,	'Telugu',	NULL,	1,	NULL),
(92,	'<p>క్రిందివాటిలో థామస్ ఆల్వా ఎడిసన్ కనుగొనినది?</p>\r\n',	'MultipleChoice-SingleAnswer',	'4',	'2021-03-29 05:23:17',	'2021-03-29 05:23:17',	0,	'Telugu',	NULL,	1,	NULL),
(93,	'<p>వృద్దుల వ్యాదులు , వాటి చికిత్సకు సంబందించిన అధ్యయనం చేయు శాస్త్రము&nbsp;</p>\r\n',	'MultipleChoice-SingleAnswer',	'1',	'2021-03-29 05:26:01',	'2021-03-29 05:26:01',	0,	'Telugu',	NULL,	1,	NULL),
(94,	'<p>ఢిల్లీ నుండి అమృత్ సర్&nbsp; వరకు సాగే నేషనల్ హైవే నంబర్&nbsp;</p>\r\n',	'MultipleChoice-SingleAnswer',	'1',	'2021-03-29 05:29:56',	'2021-03-29 05:29:56',	0,	'Telugu',	NULL,	1,	NULL),
(95,	'<p>3&quot; బోలు- డి గార్డ్ &quot; ను ఏప్రిల్ నెలలో ఏ సంస్థ యొక్క గుర్తుగా ఎన్నుకున్నారు ?</p>\r\n',	'MultipleChoice-SingleAnswer',	'1',	'2021-03-29 05:32:32',	'2021-03-29 05:32:32',	0,	'Telugu',	NULL,	1,	NULL),
(96,	'<p>నార్త్ ఈస్ట్రన్ రైల్వే ప్రధాన కార్యస్థానం&nbsp;</p>\r\n',	'MultipleChoice-SingleAnswer',	'3',	'2021-03-29 05:34:20',	'2021-03-29 05:34:20',	0,	'Telugu',	NULL,	1,	NULL),
(97,	'<p>దక్షిణ మద్య రైల్వే ముఖ్య కేంద్రం&nbsp;<span style=\"white-space:pre\"> </span></p>\r\n',	'MultipleChoice-SingleAnswer',	'4',	'2021-03-29 05:36:29',	'2021-03-29 05:36:29',	0,	'Telugu',	NULL,	1,	NULL),
(98,	'<p>కాండ్లా ఓడ రేవు గల రాష్ట్రం</p>\r\n',	'MultipleChoice-SingleAnswer',	'3',	'2021-03-29 05:37:37',	'2021-03-29 05:37:37',	0,	'Telugu',	NULL,	1,	NULL),
(99,	'<p>ఆంధ్రప్రదేశ్ రాష్ట్రం లో పొడవైన జాతీయ రహదారి</p>\r\n',	'MultipleChoice-SingleAnswer',	'2',	'2021-03-29 05:39:37',	'2021-03-29 05:39:37',	0,	'Telugu',	NULL,	1,	NULL),
(100,	'<p>అంతరిక్షంలో నడిచిన మొదటి వ్యక్తి</p>\r\n',	'MultipleChoice-SingleAnswer',	'1',	'2021-03-29 05:43:45',	'2021-03-29 05:43:45',	0,	'Telugu',	NULL,	1,	NULL),
(101,	'<p>&quot;దక్షిణ ధ్రువమును &quot; మొదటసారిగా చేరినది</p>\r\n',	'MultipleChoice-SingleAnswer',	'1',	'2021-03-29 05:45:29',	'2021-03-29 05:45:29',	0,	'Telugu',	NULL,	1,	NULL),
(102,	'<p>&quot; బాన్ &quot; పట్టణము ఏ నది ఒడ్డున ఉన్నది ?</p>\r\n',	'MultipleChoice-SingleAnswer',	'1',	'2021-03-29 05:46:30',	'2021-03-29 05:46:30',	0,	'Telugu',	NULL,	1,	NULL),
(103,	'<p>నాసిక్ నగరం ఏ నది ఒడ్డున ఉన్నది<span style=\"white-space:pre\"> </span></p>\r\n',	'MultipleChoice-SingleAnswer',	'2',	'2021-03-29 05:47:53',	'2021-03-29 05:47:53',	0,	'Telugu',	NULL,	1,	NULL),
(104,	'<p>సూరత్ నగరం పట్టణం ఏ నది ఒడ్డున ఉన్నది</p>\r\n',	'MultipleChoice-SingleAnswer',	'3',	'2021-03-29 05:49:10',	'2021-03-29 05:49:10',	0,	'Telugu',	NULL,	1,	NULL),
(105,	'<p>ప్రస్తుత&nbsp; &quot; థాయిలాండ్ &quot; పూర్వపు&nbsp; పేరు</p>\r\n',	'MultipleChoice-SingleAnswer',	'1',	'2021-03-29 05:51:05',	'2021-03-29 05:51:05',	0,	'Telugu',	NULL,	1,	NULL),
(106,	'<p>&quot; కాలికట్ &quot; ప్రస్తుతం ఈపేరుతో పిలువబడుతుంది&nbsp;</p>\r\n',	'MultipleChoice-SingleAnswer',	'2',	'2021-03-29 05:52:10',	'2021-03-29 05:52:10',	0,	'Telugu',	NULL,	1,	NULL),
(107,	'<p>&#39;&#39;ఇథియోపియా &quot; పూర్వం ఈ పేరుతో పిలువబడేది</p>\r\n',	'MultipleChoice-SingleAnswer',	'3',	'2021-03-29 05:55:50',	'2021-03-29 05:55:50',	0,	'Telugu',	NULL,	1,	NULL),
(108,	'<p>&quot; బర్మా &quot; ప్రస్తుత నామం&nbsp;</p>\r\n',	'MultipleChoice-SingleAnswer',	'1',	'2021-03-29 05:59:09',	'2021-03-29 05:59:09',	0,	'Telugu',	NULL,	1,	NULL),
(109,	'<p>పూర్వపు &quot; పర్షియా&quot; దేశమే నేటి&nbsp;</p>\r\n',	'MultipleChoice-SingleAnswer',	'3',	'2021-03-29 06:00:37',	'2021-03-29 06:00:37',	0,	'Telugu',	NULL,	1,	NULL),
(110,	'<p>లెసర్ (LASER)&nbsp;కనుగొన్నది</p>\r\n',	'MultipleChoice-SingleAnswer',	'4',	'2021-03-29 06:04:50',	'2021-03-29 06:04:50',	0,	'Telugu',	NULL,	1,	NULL),
(111,	'<p>&quot; 0 &quot; ను కొనుగొన్నవారు</p>\r\n',	'MultipleChoice-SingleAnswer',	'1',	'2021-03-29 06:05:54',	'2021-03-29 06:05:54',	0,	'Telugu',	NULL,	1,	NULL),
(112,	'<p>&quot; ఇన్సులిన్ &quot; హార్మోన్ ను కనుగొనిన వారు</p>\r\n',	'MultipleChoice-SingleAnswer',	'3',	'2021-03-29 06:08:14',	'2021-03-29 06:08:14',	0,	'Telugu',	NULL,	1,	NULL),
(113,	'<p>భారత దేశం లో మొదటి సార్వత్రిక విశ్వవిద్యాలయం ఎక్కడ ఏర్పాటు చేయబడినది.</p>\r\n',	'MultipleChoice-SingleAnswer',	'2',	'2021-03-29 07:02:25',	'2021-03-29 07:02:25',	0,	'Telugu',	NULL,	1,	NULL),
(114,	'<p>&quot;సరిహాద్దు గాంధీ&quot; గా పిలువబడేవారు&nbsp;</p>\r\n',	'MultipleChoice-SingleAnswer',	'2',	'2021-03-29 07:04:18',	'2021-03-29 07:04:18',	0,	'Telugu',	NULL,	1,	NULL),
(115,	'<p>తెలంగాణలో &quot; బుడు బుంగ &quot; అని దేనిని పిలుస్తారు</p>\r\n',	'MultipleChoice-SingleAnswer',	'1',	'2021-03-29 07:06:55',	'2021-03-29 07:06:55',	0,	'Telugu',	NULL,	1,	NULL),
(116,	'<p>అంటార్కిటికాలోని భారత పరిశోదన కేంద్రం పేరు</p>\r\n',	'MultipleChoice-SingleAnswer',	'3',	'2021-03-29 07:09:16',	'2021-03-29 07:09:16',	0,	'Telugu',	NULL,	1,	NULL),
(117,	'<p>&quot; జయ జయహే తెలంగాణ &quot; గేయాన్ని వ్రాసినది&nbsp;</p>\r\n',	'MultipleChoice-SingleAnswer',	'4',	'2021-03-29 07:11:08',	'2021-03-29 07:11:08',	0,	'Telugu',	NULL,	1,	NULL),
(118,	'<p>&quot; సమ వర్షపాత ప్రదేశాలను కలుపు రేఖ</p>\r\n',	'MultipleChoice-SingleAnswer',	'2',	'2021-03-29 07:15:50',	'2021-03-29 07:15:50',	0,	'Telugu',	NULL,	1,	NULL),
(119,	'<p>భూకంపాలను అధ్యయనం చేయు శాస్త్రాన్ని ఏమంటారు</p>\r\n',	'MultipleChoice-SingleAnswer',	'1',	'2021-03-29 07:17:45',	'2021-03-29 07:17:45',	0,	'Telugu',	NULL,	1,	NULL),
(120,	'<p>ఆర్థికశాస్త్రం లో ఇచ్చే నోబెల్ ప్రైజ్ ను ఏమంటారు</p>\r\n',	'MultipleChoice-SingleAnswer',	'4',	'2021-03-29 07:20:16',	'2021-03-29 07:20:16',	0,	'Telugu',	NULL,	1,	NULL),
(121,	'<p>తెలంగాణాలోని ఏ పట్టణం పూర్వం &quot; ఇందూరు &quot; గా పులువబడినది</p>\r\n',	'MultipleChoice-SingleAnswer',	'1',	'2021-03-29 07:22:54',	'2021-03-29 07:22:54',	0,	'Telugu',	NULL,	1,	NULL),
(122,	'<p>మొదటి అంతర్జాతీయ యోగా దీనోత్సవం జరుపుకున్నది?</p>\r\n',	'MultipleChoice-SingleAnswer',	'3',	'2021-03-29 07:26:01',	'2021-03-29 07:26:01',	0,	'Telugu',	NULL,	1,	NULL),
(123,	'<p>నోబెల్ బహుమతిని ప్రకటించే అకాడమీ<span style=\"white-space:pre\"> </span></p>\r\n',	'MultipleChoice-SingleAnswer',	'2',	'2021-03-29 07:28:36',	'2021-03-29 07:28:36',	0,	'Telugu',	NULL,	1,	NULL),
(124,	'<p>తెలంగాణ ప్రథమ నవల &quot; ప్రజల మనిషి &quot; రాసింది ఎవరు ?</p>\r\n',	'MultipleChoice-SingleAnswer',	'4',	'2021-03-29 07:30:42',	'2021-03-29 07:30:42',	0,	'Telugu',	NULL,	1,	NULL),
(125,	'<p>హైదరాబాద్ రాష్ట్రనికి ఎన్నికైన మొదటి ముఖ్య మంత్రి ?</p>\r\n',	'MultipleChoice-SingleAnswer',	'1',	'2021-03-29 07:32:55',	'2021-03-29 07:32:55',	0,	'Telugu',	NULL,	1,	NULL),
(126,	'<p>భారత ఉక్కు పితామహుడు&nbsp;</p>\r\n',	'MultipleChoice-SingleAnswer',	'2',	'2021-03-29 07:36:18',	'2021-03-29 07:36:18',	0,	'Telugu',	NULL,	1,	NULL),
(127,	'<p>&quot; ఊలజీ &quot;( Oology ) అంటే దేని అద్యయానానికి సంబందించిన శాస్త్రం&nbsp;</p>\r\n',	'MultipleChoice-SingleAnswer',	'2',	'2021-03-29 07:39:53',	'2021-03-29 07:39:53',	0,	'Telugu',	NULL,	1,	NULL),
(128,	'<p>ధమనులలో పిడనాన్ని కొలిచే సాధనం&nbsp;</p>\r\n',	'MultipleChoice-SingleAnswer',	'4',	'2021-03-29 07:43:04',	'2021-03-29 07:43:04',	0,	'Telugu',	NULL,	1,	NULL),
(129,	'<p>మన్ దేశం లో మొదటి సూపర్ కంప్యూటర్</p>\r\n',	'MultipleChoice-SingleAnswer',	'3',	'2021-03-29 07:44:40',	'2021-03-29 07:44:40',	0,	'Telugu',	NULL,	1,	NULL),
(130,	'<p>పెద్ద ఆపిల్ ( బిగ్ ఆపిల్ ) యొక్క అసలు పేరు</p>\r\n',	'MultipleChoice-SingleAnswer',	'1',	'2021-03-29 07:53:16',	'2021-03-29 07:53:16',	0,	'Telugu',	NULL,	1,	NULL),
(131,	'<p>1971 సం లో లోకాయుక్త వ్యవస్థను నేలకొల్పిన మొట్టమొదటి రాష్ట్రము ?</p>\r\n',	'MultipleChoice-SingleAnswer',	'1',	'2021-03-29 07:55:09',	'2021-03-29 07:55:09',	0,	'Telugu',	NULL,	1,	NULL),
(132,	'<p>భారతీయ మిలటరీ అకాడమీ ఎక్కడ ఉన్నది</p>\r\n',	'MultipleChoice-SingleAnswer',	'3',	'2021-03-29 07:56:25',	'2021-03-29 07:56:25',	0,	'Telugu',	NULL,	1,	NULL),
(133,	'<p>&quot;ది యూనివర్స్ ఇన్ సింగల్ అటమ్ &quot; అను గ్రంధ రచయిత</p>\r\n',	'MultipleChoice-SingleAnswer',	'1',	'2021-03-29 08:02:53',	'2021-03-29 08:02:53',	0,	'Telugu',	NULL,	1,	NULL),
(134,	'<p>అల్ ఇండియా ఇనిస్టిట్యూట్ పర్ జుడీషియల్ ఎడ్యుకేషన్ ,రీసెర్చ్ అండ్ ట్రైనింగ్ ఎక్కడ యేర్పాటు చేయబడినది</p>\r\n',	'MultipleChoice-SingleAnswer',	'4',	'2021-03-29 08:05:27',	'2021-03-29 08:05:27',	0,	'Telugu',	NULL,	1,	NULL),
(135,	'<p>సౌత్ ఈస్ట్ ఆసియాలో తగరమును కరిగించి శ్బ్రమ్ చేయు ప్రధాన కేంద్రం</p>\r\n',	'MultipleChoice-SingleAnswer',	'4',	'2021-03-30 11:47:38',	'2021-03-30 11:47:38',	0,	'Telugu',	NULL,	1,	NULL),
(136,	'<p>&quot; నేషల్ ఇన్స్టిట్యూట్&nbsp; ఆఫ్ &quot;ఓషనోగ్రఫీ&quot; ఉన్నది<span style=\"white-space:pre\"> </span></p>\r\n',	'MultipleChoice-SingleAnswer',	'2',	'2021-03-30 11:50:33',	'2021-03-30 11:50:33',	0,	'Telugu',	NULL,	1,	NULL),
(137,	'<p>&quot; లాండ్ ఆఫ్ తౌసాండ్ లెక్స్ &quot; అని దేనిని పిలుస్తారు</p>\r\n',	'MultipleChoice-SingleAnswer',	'2',	'2021-03-30 11:52:32',	'2021-03-30 11:52:32',	0,	'Telugu',	NULL,	1,	NULL),
(138,	'<p>&quot; ఆస్కార్ బహుమతి పొందిన మొదటి భారతీయుడు<span style=\"white-space:pre\"> </span></p>\r\n',	'MultipleChoice-SingleAnswer',	'1',	'2021-03-30 11:53:54',	'2021-03-30 11:53:54',	0,	'Telugu',	NULL,	1,	NULL),
(139,	'<p>ప్రపంచ పృథ్వీ దినోత్సవము</p>\r\n',	'MultipleChoice-SingleAnswer',	'2',	'2021-03-30 11:55:06',	'2021-03-30 11:55:06',	0,	'Telugu',	NULL,	1,	NULL),
(140,	'<p>కిందివానిలో జీవితకాలమునకు అధ్యక్షున్ని ఎన్నుకొనే దేశము</p>\r\n',	'MultipleChoice-SingleAnswer',	'1',	'2021-03-30 11:56:53',	'2021-03-30 11:56:53',	0,	'Telugu',	NULL,	1,	NULL),
(141,	'<p>మన జాతీయ పక్షి</p>\r\n',	'MultipleChoice-SingleAnswer',	'1',	'2021-03-30 11:58:11',	'2021-03-30 11:59:29',	1,	'Telugu',	NULL,	1,	NULL),
(142,	'<p>&quot; మిల్క్ మ్యాన్ ఆఫ్ ఇండియా &quot;&nbsp;<span style=\"white-space:pre\"> </span></p>\r\n',	'MultipleChoice-SingleAnswer',	'1',	'2021-03-30 11:58:29',	'2021-03-30 11:58:29',	0,	'Telugu',	NULL,	1,	NULL),
(143,	'<p>&quot;ప్రపంచ పుస్తక దినము &quot;</p>\r\n',	'MultipleChoice-SingleAnswer',	'1',	'2021-03-30 11:59:57',	'2021-03-30 11:59:57',	0,	'Telugu',	NULL,	1,	NULL),
(144,	'<p>&quot; పులిట్జర్ &quot; అవార్డు పొందిన మొదటి భారతీయుడు</p>\r\n',	'MultipleChoice-SingleAnswer',	'2',	'2021-03-30 12:01:44',	'2021-03-30 12:01:44',	0,	'Telugu',	NULL,	1,	NULL),
(145,	'<p>భారత దేశంలో రెండో అత్యున్నత పురస్కారం</p>\r\n',	'MultipleChoice-SingleAnswer',	'4',	'2021-03-30 12:03:30',	'2021-03-30 12:03:30',	0,	'Telugu',	NULL,	1,	NULL),
(146,	'<p>సెంట్రల్ లెదర్ రీసెర్చ్ ఇనిస్టిట్యూట్ ( కేంద్రీయ తోల్ల పరిశోదన సంస్థ ) ఎక్కడ ఉంది</p>\r\n',	'MultipleChoice-SingleAnswer',	'3',	'2021-03-30 12:05:54',	'2021-03-30 12:05:54',	0,	'Telugu',	NULL,	1,	NULL),
(147,	'<p>&quot;సాగర్ మాత &quot; యొక్క ఇంకొక పేరు ?</p>\r\n',	'MultipleChoice-SingleAnswer',	'2',	'2021-03-30 12:07:02',	'2021-03-30 12:07:02',	0,	'Telugu',	NULL,	1,	NULL),
(148,	'<p>రైల్వే ప్రయాణికుల పెట్టెలు తయారగునది</p>\r\n',	'MultipleChoice-SingleAnswer',	'3',	'2021-03-30 12:09:32',	'2021-03-30 12:09:32',	0,	'Telugu',	NULL,	1,	NULL),
(149,	'<p>ఎయిర్ ట్రాన్స్పోర్ట్ పరిశ్రమజాతీయం చేయబడిన సంవత్సరం</p>\r\n',	'MultipleChoice-SingleAnswer',	'2',	'2021-03-30 12:12:00',	'2021-03-30 12:12:00',	0,	'Telugu',	NULL,	1,	NULL),
(150,	'<p>నేషనల్ ఎన్విరాన్మెంట్ రే ఇంజనీరింగ్ ఇనిస్టిట్యూట్ ఎక్కడ&nbsp; ఉన్నదీ</p>\r\n',	'MultipleChoice-SingleAnswer',	'1',	'2021-03-30 12:14:44',	'2021-03-30 12:14:44',	0,	'Telugu',	NULL,	1,	NULL),
(151,	'<p>&quot; యానిమల్ వెల్ఫేర్&nbsp; బోర్డ్&nbsp; ఆఫ్ ఇండియా &quot;&nbsp; ప్రధాన&nbsp;</p>\r\n',	'MultipleChoice-SingleAnswer',	'2',	'2021-03-30 12:17:44',	'2021-03-30 12:17:44',	0,	'Telugu',	NULL,	1,	NULL),
(152,	'<p>&quot;కాంగో రాజధాని &quot;</p>\r\n',	'MultipleChoice-SingleAnswer',	'4',	'2021-03-30 12:18:36',	'2021-03-30 12:18:36',	0,	'Telugu',	NULL,	1,	NULL),
(153,	'<p>ఐక్యరాజ్య సమితి యొక్క ప్రపంచ శరణార్తులా దినోత్సవం</p>\r\n',	'MultipleChoice-SingleAnswer',	'2',	'2021-03-30 12:21:52',	'2021-03-30 12:21:52',	0,	'Telugu',	NULL,	1,	NULL),
(154,	'<p>&quot; బర్డ్ నెస్ట్ &quot; స్టేడియం ఏ నాగర్మ్ లో కలదు</p>\r\n',	'MultipleChoice-SingleAnswer',	'2',	'2021-03-30 12:22:53',	'2021-03-30 12:22:53',	0,	'Telugu',	NULL,	1,	NULL),
(155,	'<p>&quot;క్రీడారంగం &quot; లోని వారికి ఇచ్చే ఆవార్డు</p>\r\n',	'MultipleChoice-SingleAnswer',	'2',	'2021-03-30 12:24:54',	'2021-03-30 12:24:54',	0,	'Telugu',	NULL,	1,	NULL),
(156,	' డా.బి.ఆర్.అంబేడ్కర్ అంతర్జాతీయ విమానాశ్రయము ఏ నగరంలో నెలకొల్పబడినది',	'MultipleChoice-SingleAnswer',	'3',	'2021-03-30 12:26:28',	'2021-03-31 05:43:07',	0,	'General Knowledge',	'Intermediate 2nd Year / Class 12',	2,	''),
(157,	'<p>&quot; మన దేశం లో మొదటి టాకీ చిత్రం</p>\r\n',	'MultipleChoice-SingleAnswer',	'1',	'2021-03-30 12:27:50',	'2021-03-30 12:27:50',	0,	'Telugu',	NULL,	1,	NULL),
(158,	'<p>అంతర్జాతీయ&nbsp; నర్సుల&nbsp; దినోత్సవం&nbsp;</p>\r\n',	'MultipleChoice-SingleAnswer',	'3',	'2021-03-30 12:29:36',	'2021-03-30 12:29:36',	0,	'Telugu',	NULL,	1,	NULL),
(159,	'<p>అంతర్జాతీయ మహిళా దినోత్సవం&nbsp;</p>\r\n',	'MultipleChoice-SingleAnswer',	'3',	'2021-03-30 12:30:57',	'2021-03-30 12:30:57',	0,	'Telugu',	NULL,	1,	NULL),
(160,	'<p>&quot; లాండ్ ఆఫ్ మిడ్ నైట్&nbsp; సన్ &quot;</p>\r\n',	'MultipleChoice-SingleAnswer',	'2',	'2021-03-30 12:32:12',	'2021-03-30 12:32:12',	0,	'Telugu',	NULL,	1,	NULL),
(161,	'<p>తన ఆత్మ కథను గాంధీ ఏ భాషలో రాశాడు</p>\r\n',	'MultipleChoice-SingleAnswer',	'4',	'2021-03-30 12:35:11',	'2021-03-30 12:35:11',	0,	'Telugu',	NULL,	1,	NULL),
(162,	'<p>&quot; keeping the faith &quot; పుస్తక రచయిత&nbsp;</p>\r\n',	'MultipleChoice-SingleAnswer',	'1',	'2021-03-30 12:37:09',	'2021-03-30 12:37:09',	0,	'Telugu',	NULL,	1,	NULL),
(163,	'<p>&nbsp;లక్నో &quot; నగరం ఏ నది ఒడ్డున ఉన్నది</p>\r\n',	'MultipleChoice-SingleAnswer',	'1',	'2021-03-30 12:38:07',	'2021-03-30 12:48:25',	0,	'Telugu',	NULL,	1,	NULL),
(164,	'<p>ఈ క్రింది ప్రవచనాలను చదవండి:</p>\r\n\r\n<p>A. జీవన ఎరువులు , పర్యావరణం మరియు నేల నుండి పోషకాలు తయారు చేస్తాయి.</p>\r\n\r\n<p>B. లోతులో వుండే మొక్క అవశేషాలు అధిక సాంద్రత తో కూడిన సేంద్రియ/కార్బన్ ఎరువు&nbsp;</p>\r\n\r\n<p>C. పంటకు పోటసీయం అందచేయడం వల్ల రోగ కారకాలు పట్ల వాటి నిరోధకంత్వం పెరుగుతుంది.</p>\r\n\r\n<p>పై పర్వచనలో ఏదీ సరైనది</p>\r\n',	'MultipleChoice-SingleAnswer',	'2',	'2021-03-30 12:40:18',	'2021-03-30 12:40:18',	0,	'Telugu',	NULL,	1,	NULL),
(165,	'<p>అధిక రక్త పోతును నియంత్రించడానికి ఉపోయోగించే ఆల్కలైడ్ ను గుర్తించుము</p>\r\n',	'MultipleChoice-SingleAnswer',	'3',	'2021-03-30 12:57:36',	'2021-03-30 13:01:16',	0,	'Telugu',	NULL,	1,	NULL),
(166,	'<p>పచ్చళ్ళ నిలువ ఉండడానికి విరివిగా వాడే ఎనగర్ లో ఉండే ఆమ్లం ఏది</p>\r\n',	'MultipleChoice-SingleAnswer',	'1',	'2021-03-30 13:05:02',	'2021-03-30 13:05:02',	0,	'Telugu',	NULL,	1,	NULL),
(167,	'<p>వస్తువు చలనం వల్ల కలిగే శక్తి ని ఎం అంటారు</p>\r\n',	'MultipleChoice-SingleAnswer',	'2',	'2021-03-30 13:12:41',	'2021-03-30 13:12:41',	0,	'Telugu',	NULL,	1,	NULL),
(168,	'<p>క్రింది వాటిలో జీవక్షఈకృత పలిిమార్ ఏది</p>\r\n',	'MultipleChoice-SingleAnswer',	'4',	'2021-03-30 13:18:07',	'2021-03-30 13:18:07',	0,	'Telugu',	NULL,	1,	NULL),
(169,	'దంత వైద్యుడు ఉపయోగించే దర్పణము',	'MultipleChoice-SingleAnswer',	'3',	'2021-03-30 13:20:05',	'2021-03-31 05:41:15',	0,	'Telugu',	'Class 10',	1,	''),
(170,	'<p>తెల్ల ఏనుగుల దేశం అని దేనిని పిలుస్తారు</p>\r\n',	'MultipleChoice-SingleAnswer',	'3',	'2021-03-30 13:43:30',	'2021-03-30 13:43:30',	0,	'Telugu',	NULL,	1,	NULL),
(171,	'<p>&quot;అమెరికా &quot; మొదటి అద్యక్షుడు</p>\r\n',	'MultipleChoice-SingleAnswer',	'3',	'2021-03-30 13:46:19',	'2021-03-30 13:46:19',	0,	'Telugu',	NULL,	1,	NULL),
(172,	'<p>స్వతంత్ర భారత మొదటి కమాండర్ ఇన్ ఛీఫ్</p>\r\n',	'MultipleChoice-SingleAnswer',	'2',	'2021-03-30 13:51:10',	'2021-03-30 13:51:10',	0,	'Telugu',	NULL,	1,	NULL),
(173,	'<p>&quot; భారత దేశంలో మొదటి మహిళా ఐ.పి.యస్ .ఆఫీసర్</p>\r\n',	'MultipleChoice-SingleAnswer',	'1',	'2021-03-30 13:53:00',	'2021-03-30 13:53:00',	0,	'Telugu',	NULL,	1,	NULL),
(174,	'ఇందిరాగాంధి 	జాతీయ ముక్త విశ్వ విద్యాలయా కేంద్ర ప్రధాన కార్యలయం ఎక్కడ ఉన్నది',	'MultipleChoice-SingleAnswer',	'1',	'2021-03-31 05:06:18',	'2021-03-31 05:06:18',	0,	'General Knowledge',	'General',	3,	''),
(175,	'జర్మనీ కరెన్సీయూనిట్',	'MultipleChoice-SingleAnswer',	'2',	'2021-03-31 05:08:14',	'2021-03-31 05:08:14',	0,	'General Knowledge',	'General',	3,	''),
(176,	'\"యూరోప్ క్రీడా మైదానం \"',	'MultipleChoice-SingleAnswer',	'1',	'2021-03-31 05:10:25',	'2021-03-31 05:10:25',	0,	'General Knowledge',	'General',	2,	''),
(177,	' \"అంతర్జాతీయ వృద్దుల దినం \"',	'MultipleChoice-SingleAnswer',	'3',	'2021-03-31 05:11:52',	'2021-03-31 05:11:52',	0,	'General Knowledge',	'General',	2,	''),
(178,	'\" ప్రపంచ ఆరోగ్య దినము \"?',	'MultipleChoice-SingleAnswer',	'1',	'2021-03-31 05:13:25',	'2021-03-31 05:13:25',	0,	'General Knowledge',	'General',	3,	''),
(179,	'\" ప్రపంచ జంతు సంక్షేమ దినం \'?',	'MultipleChoice-SingleAnswer',	'1',	'2021-03-31 05:16:03',	'2021-03-31 05:16:03',	0,	'General Knowledge',	'General',	2,	''),
(180,	'సెంట్రల్ ఇన్స్టిట్యూట్ ఆఫ్ ఇంగ్లీష్ అండ్ ఫారెన్ లాంగ్వేజెస్  ఉన్న చోటు ',	'MultipleChoice-SingleAnswer',	'4',	'2021-03-31 05:18:53',	'2021-03-31 05:18:53',	0,	'General Knowledge',	'General',	2,	''),
(181,	'అడ్మినిస్ట్రేటివ్ స్టాఫ్ కాలేజ్ ఆఫ్ ఇండియా ఉన్న ప్రదేశం ',	'MultipleChoice-SingleAnswer',	'4',	'2021-03-31 05:20:29',	'2021-03-31 05:20:29',	0,	'General Knowledge',	'General',	2,	''),
(182,	'IFFCO దేనికి సంబందించినది',	'MultipleChoice-SingleAnswer',	'1',	'2021-03-31 05:22:02',	'2021-03-31 05:22:02',	0,	'General Knowledge',	'General',	1,	''),
(183,	'\"శాశ్వత నగరము\" (eternal city ) గా పిలువబడేది',	'MultipleChoice-SingleAnswer',	'3',	'2021-03-31 05:24:47',	'2021-03-31 05:24:47',	0,	'General Knowledge',	'General',	2,	''),
(184,	'ఇజ్రాయిల్ దేశ్ రాజధాని',	'MultipleChoice-SingleAnswer',	'1',	'2021-04-02 11:38:19',	'2021-04-02 11:38:19',	0,	'General Knowledge',	'General',	2,	''),
(185,	'\"ప్రపంచ మానవ హక్కుల దినోత్సవం ',	'MultipleChoice-SingleAnswer',	'1',	'2021-04-02 11:39:57',	'2021-04-02 11:39:57',	0,	'General Studies',	'General',	2,	''),
(186,	'ఆంగ్ల కవిత పితామహుడు\"',	'MultipleChoice-SingleAnswer',	'1',	'2021-04-02 11:42:49',	'2021-04-02 11:42:49',	0,	NULL,	NULL,	3,	''),
(187,	'నాసిక్ ఏ నది ఒడ్డున ఉంది',	'MultipleChoice-SingleAnswer',	'2',	'2021-04-02 11:55:33',	'2021-04-02 11:55:33',	0,	'General Studies',	'General',	2,	''),
(188,	'యునెస్కో (UNESCO) కేంద్ర కార్యలయం ఎక్కడ ఉంది',	'MultipleChoice-SingleAnswer',	'3',	'2021-04-02 11:59:19',	'2021-04-02 11:59:19',	0,	'General Studies',	'General',	2,	''),
(189,	'\"ఇంటర్ పోల్\"',	'MultipleChoice-SingleAnswer',	'3',	'2021-04-02 12:05:39',	'2021-04-02 12:05:39',	0,	'General Studies',	'General',	2,	''),
(190,	'\"ఫ్రం ది పోర్టల్స్ ఆఫ్ ది ప్రిజన్స్ \" పుస్తక రచయిత ',	'MultipleChoice-SingleAnswer',	'1',	'2021-04-02 12:09:50',	'2021-04-02 12:09:50',	0,	'General Studies',	'General',	2,	''),
(191,	'\" మైకంట్రీ మై లైఫ్ \" పుస్తక రచయిత ',	'MultipleChoice-SingleAnswer',	'2',	'2021-04-02 12:12:23',	'2021-04-02 12:12:23',	0,	'General Studies',	'General',	2,	''),
(192,	'\"గుడ్ బై షహజాద్ \"పుస్తక రచయిత ',	'MultipleChoice-SingleAnswer',	'2',	'2021-04-02 12:15:02',	'2021-04-02 12:15:02',	0,	'General Studies',	'General',	2,	''),
(193,	' \"బి.సి.రాయ్ \" అవార్డ్ ఏ రంగంలోని వ్యక్తులకు ఇస్తారు',	'MultipleChoice-SingleAnswer',	'2',	'2021-04-02 12:18:01',	'2021-04-02 12:18:01',	0,	'General Studies',	'General',	3,	''),
(194,	'ప్రపంచంలో మొదటి మహిళా ప్రధాన్ మంత్రి ఏ దేశస్థు రాలు',	'MultipleChoice-SingleAnswer',	'4',	'2021-04-02 12:19:50',	'2021-04-02 12:19:50',	0,	'General Studies',	'General',	3,	''),
(195,	'\"అంతర్జాతీయ న్యాయస్థానం\" ఏ నగరంలో ఉన్నది ?',	'MultipleChoice-SingleAnswer',	'4',	'2021-04-02 12:21:19',	'2021-04-02 12:21:19',	0,	'General Studies',	'General',	2,	''),
(196,	'బ్రిటన్ రాజు/ రాణి అధికారిక నివాస స్థలం ',	'MultipleChoice-SingleAnswer',	'4',	'2021-04-02 12:23:27',	'2021-04-02 12:23:27',	0,	'General Studies',	'General',	2,	''),
(197,	'\" నోబెల్ బహుమతి పొందిన తొలి భారతీయుడు',	'MultipleChoice-SingleAnswer',	'1',	'2021-04-02 12:25:16',	'2021-04-02 12:25:16',	0,	'General Studies',	'General',	2,	''),
(198,	'భారతరత్న సత్కారం పొందిన మొదటి భారతీయుడు కానీ వ్యక్తి  ?',	'MultipleChoice-SingleAnswer',	'3',	'2021-04-02 12:28:18',	'2021-04-02 12:28:18',	0,	'General Studies',	'General',	2,	''),
(199,	'ఆసియా అభివృద్ధి బ్యాంక్ ప్రధాన కార్యలయం ఉన్న స్థలం ',	'MultipleChoice-SingleAnswer',	'1',	'2021-04-02 12:31:03',	'2021-04-02 12:31:03',	0,	'General Studies',	'General',	2,	''),
(200,	'ఆసియా అభివృద్ధి బ్యాంక్ ప్రధాన కార్యలయం ఉన్న స్థలం ',	'MultipleChoice-SingleAnswer',	'1',	'2021-04-02 12:31:03',	'2021-04-02 12:31:03',	0,	'General Studies',	'General',	2,	''),
(201,	'ఆసియా అభివృద్ధి బ్యాంక్ ప్రధాన కార్యలయం ఉన్న స్థలం ',	'MultipleChoice-SingleAnswer',	'1',	'2021-04-02 12:31:03',	'2021-04-02 12:31:03',	0,	'General Studies',	'General',	2,	''),
(202,	'ఆసియా అభివృద్ధి బ్యాంక్ ప్రధాన కార్యలయం ఉన్న స్థలం ',	'MultipleChoice-SingleAnswer',	'3',	'2021-04-02 12:31:48',	'2021-04-02 12:31:48',	0,	'General Studies',	'General',	2,	''),
(203,	'మన్ దేశం లోని అతి పెద్ద గిరిజన్ తెగ ',	'MultipleChoice-SingleAnswer',	'4',	'2021-04-02 12:33:34',	'2021-04-02 12:33:34',	0,	'General Studies',	'General',	2,	''),
(204,	'\"కాంగో \"దేశ రాజధాని ',	'MultipleChoice-SingleAnswer',	'1',	'2021-04-02 12:35:58',	'2021-04-02 12:35:58',	0,	'General Studies',	'General',	2,	''),
(205,	'\"యూరోప్ యొక్క ఆటస్థలము \" గా పేరుగాంచినది',	'MultipleChoice-SingleAnswer',	'1',	'2021-04-02 12:39:25',	'2021-04-02 12:39:25',	0,	'General Studies',	'General',	2,	''),
(206,	'మోహిని ఆట్టం యెక్కడి ప్రాచీన నృత్యరూపం ',	'MultipleChoice-SingleAnswer',	'4',	'2021-04-02 12:41:04',	'2021-04-02 12:41:04',	0,	'General Studies',	'General',	2,	''),
(207,	'రైల్వే ఇంజన్ కనుగొన్నది',	'MultipleChoice-SingleAnswer',	'4',	'2021-04-02 12:43:19',	'2021-04-02 12:43:19',	0,	'General Studies',	'General',	2,	''),
(208,	'\" ప్రపంచం లో ముస్లిమ జనాభా అధికంగా కల దేశం ',	'MultipleChoice-SingleAnswer',	'2',	'2021-04-02 12:44:41',	'2021-04-02 12:44:41',	0,	'General Studies',	'General',	2,	''),
(209,	'\" అర్థ  శాస్త్ర \" పితామహుడు ',	'MultipleChoice-SingleAnswer',	'4',	'2021-04-02 12:46:34',	'2021-04-02 12:46:34',	0,	'General Studies',	'General',	1,	''),
(210,	'\" బెర్లిన్ \" నగరం ఏ నది ఒడ్డున ఉన్నది',	'MultipleChoice-SingleAnswer',	'3',	'2021-04-02 12:48:47',	'2021-04-02 12:48:47',	0,	'General Studies',	'General',	2,	''),
(211,	'\"జెండా ఆవేస్తా \" ఏ మత పవిత్ర గ్రంధం ',	'MultipleChoice-SingleAnswer',	'2',	'2021-04-02 12:51:47',	'2021-04-02 12:51:47',	0,	'General Studies',	'General',	3,	''),
(212,	'\"బ్రోకెన్ రిపబ్లిక్ -త్రీ ఎస్సెస్ \" గ్రంధ కర్త ',	'MultipleChoice-SingleAnswer',	'4',	'2021-04-02 12:56:29',	'2021-04-02 12:56:29',	0,	'General Studies',	'General',	3,	''),
(213,	'\"రోమాన్సింగ్ విత్ లైఫ్ \" అనే రచన ఎవరి స్వీయ చరిత్ర ',	'MultipleChoice-SingleAnswer',	'1',	'2021-04-02 12:57:48',	'2021-04-02 12:57:48',	0,	'General Studies',	'General',	3,	''),
(214,	'\"ఏ పాసెజ్ టు ఇండియా \" గ్రంథ కర్త ',	'MultipleChoice-SingleAnswer',	'3',	'2021-04-02 12:59:41',	'2021-04-02 12:59:41',	0,	'General Studies',	'General',	3,	''),
(215,	'పార్కిన్ సన్ వ్యాధి దేనితో సంబంధం కలిగి ఉంది ?',	'MultipleChoice-SingleAnswer',	'1',	'2021-04-02 18:41:42',	'2021-04-02 18:41:42',	0,	'Biology',	'General',	2,	''),
(216,	'అమ్నిషీయ  వ్యాధి దేని నష్టానికి సంబంధించినది',	'MultipleChoice-SingleAnswer',	'4',	'2021-04-02 18:43:28',	'2021-04-02 18:49:49',	0,	'Biology',	'General',	3,	'Biological Science'),
(217,	'శరీర సమతాస్థితి కి దోహదపడే భాగం ?',	'MultipleChoice-SingleAnswer',	'1',	'2021-04-02 18:46:41',	'2021-04-02 18:46:41',	0,	'Biology',	'General',	3,	'Biological Science'),
(218,	'తీవ్రవాద వ్యతిరేక దినం',	'MultipleChoice-SingleAnswer',	'1',	'2021-04-03 13:09:08',	'2021-04-03 13:09:08',	0,	'General Knowledge',	'Class 10',	2,	'Important Dates'),
(219,	'ఇండియాలో శాంతి సమయంలో ధైర్యసాహసాలకు ఇచ్చే అత్యుత్తమ అవార్డు',	'MultipleChoice-SingleAnswer',	'2',	'2021-04-03 13:10:21',	'2021-04-03 13:10:21',	0,	'General Knowledge',	'Class 10',	2,	''),
(220,	'ఇందిరాగాంధీ అణు పరిశోధనా కేంద్రం ఉన్నచోటు',	'MultipleChoice-SingleAnswer',	'4',	'2021-04-03 13:12:41',	'2021-04-03 13:12:41',	0,	'General Knowledge',	'General',	3,	''),
(221,	'ఐక్యరాజ్య సమితి మొదటి సెక్రటరీ జనరల్',	'MultipleChoice-SingleAnswer',	'1',	'2021-04-03 13:16:29',	'2021-04-03 13:16:29',	0,	'General Knowledge',	'General',	3,	''),
(222,	'కవరట్టి దీని ముఖ్యపట్టణం',	'MultipleChoice-SingleAnswer',	'3',	'2021-04-03 13:18:13',	'2021-04-03 13:18:13',	0,	'General Knowledge',	'General',	3,	''),
(223,	'ది అడా సిటీ ఆఫ్ హోప్ రచయిత',	'MultipleChoice-SingleAnswer',	'4',	'2021-04-03 13:19:54',	'2021-04-03 13:19:54',	0,	'General Knowledge',	'General',	3,	''),
(224,	'ద్రౌపది అనే వివాదాస్పద నవల రచించినది ఎవరు',	'MultipleChoice-SingleAnswer',	'3',	'2021-04-03 13:21:45',	'2021-04-03 13:21:45',	0,	'General Knowledge',	'General',	3,	'Book - Writer'),
(225,	'డిపార్ట్మెంట్ ఆఫ్ అటామిక్ ఎనర్జీ ఎవరి నియంత్రణలో కలదు',	'MultipleChoice-SingleAnswer',	'4',	'2021-04-03 13:23:05',	'2021-04-03 13:23:05',	0,	'General Knowledge',	'General',	3,	''),
(226,	'శాతవాహనుల నాణెం ఏది ',	'MultipleChoice-SingleAnswer',	'1',	'2021-04-04 06:27:07',	'2021-04-04 06:27:07',	0,	'History',	'Intermediate 2nd Year / Class 12',	1,	''),
(227,	'శాతవాహనుల కాలం నాటి కోట ఇచ్చట బయల్పడింది',	'MultipleChoice-SingleAnswer',	'4',	'2021-04-04 06:29:30',	'2021-04-04 06:29:30',	0,	'History',	'Intermediate 2nd Year / Class 12',	2,	''),
(228,	'శాతవాహనుల కాలం నాటి కి చెందిన అజంతా గుహలు ఏవి',	'MultipleChoice-SingleAnswer',	'3',	'2021-04-04 06:32:13',	'2021-04-04 06:32:13',	0,	'History',	'Intermediate 2nd Year / Class 12',	2,	''),
(229,	'<p>శతవాహనుల కాలంనాటి రేవులని గూర్చి తెలిపినది ?</p>\r\n',	'MultipleChoice-SingleAnswer',	'4',	'2021-04-04 06:36:40',	'2021-04-04 06:36:40',	0,	'History',	'Degree',	1,	'శతవాహనాలు'),
(230,	'ఎవరి గ్రంథము దక్షిణదేశ మార్గాలను గూర్చు తెలుపుచున్నది ?',	'MultipleChoice-SingleAnswer',	'1',	'2021-04-04 07:02:15',	'2021-04-04 07:02:15',	0,	'History',	'Degree',	2,	'శతవాహనాలు'),
(231,	'శాతవాహనులు ఆంధ్రులని చెప్పినవారు',	'MultipleChoice-SingleAnswer',	'1',	'2021-04-04 07:07:25',	'2021-04-04 07:07:25',	0,	'History',	'Intermediate 2nd Year / Class 12',	2,	'Telangana History'),
(232,	'మొదటి శాతకర్ణి బిరుదు',	'MultipleChoice-SingleAnswer',	'2',	'2021-04-04 07:11:15',	'2021-04-04 07:11:15',	0,	'Biology',	'Degree',	2,	'Telangana History,శతవాహనాలు'),
(233,	'త్రిసముద్రదిశ్వరా అనే బిరుదు ఎవరిది?',	'MultipleChoice-SingleAnswer',	'1',	'2021-04-04 07:13:18',	'2021-04-04 07:13:18',	0,	'History',	'Degree',	2,	'Telangana History,శతవాహనాలు'),
(234,	'త్రి సముద్రాధిశ్వరా అనే బిరుదు ఏ గ్రంథం లో పేర్కొనబడినది',	'MultipleChoice-SingleAnswer',	'2',	'2021-04-04 07:15:39',	'2021-04-04 07:15:39',	0,	'History',	'Degree',	2,	'Telangana History,శతవాహనాలు'),
(235,	'నేరస్తులను చెట్లకు ఉరి తీసే వారిని తెలుపుతున్న శాతవాహనుల కాలం నాటి గ్రంథం ఏది',	'MultipleChoice-SingleAnswer',	'2',	'2021-04-04 07:17:38',	'2021-04-04 07:17:38',	0,	'History',	'Degree',	2,	'Telangana History,శతవాహనాలు'),
(236,	'శాతవాహనుల కాలంలో సిద్ధ సైన్యం ఉండే స్థానాన్ని ఏమనేవారు',	'MultipleChoice-SingleAnswer',	'3',	'2021-04-04 07:19:04',	'2021-04-04 07:19:04',	0,	'History',	'Degree',	2,	'Telangana History,శతవాహనాలు'),
(237,	'ధరణికోట నుండి ఉజ్జయిని కి పోయే మార్గంలో ఏ ప్రదేశం ఉండేది',	'MultipleChoice-SingleAnswer',	'4',	'2021-04-04 07:20:15',	'2021-04-04 07:20:15',	0,	'History',	'Degree',	2,	'Telangana History,శతవాహనాలు'),
(238,	'శాతవాహనుల కాలంలో విదేశాల నుండి భారతదేశం దేనిని దిగుమతి చేసుకున్నది',	'MultipleChoice-SingleAnswer',	'1',	'2021-04-04 07:21:47',	'2021-04-04 07:21:47',	0,	'History',	'Degree',	2,	'Telangana History,శతవాహనాలు'),
(239,	'కసరు ల వృత్తి ఏమిటి',	'MultipleChoice-SingleAnswer',	'4',	'2021-04-04 07:24:25',	'2021-04-04 07:24:25',	0,	'History',	'Degree',	2,	'Telangana History,శతవాహనాలు'),
(240,	'వైదిక మత ఆరాధన విధానం',	'MultipleChoice-SingleAnswer',	'1',	'2021-04-04 07:25:27',	'2021-04-04 07:25:27',	0,	'History',	'Degree',	2,	'Telangana Culture and Heritage,శతవాహనాలు'),
(241,	'కృష్ణ లీలలను ప్రస్తావించిన గ్రంధం ఏది',	'MultipleChoice-SingleAnswer',	'3',	'2021-04-04 07:27:01',	'2021-04-04 07:27:01',	0,	'History',	'Degree',	2,	'Telangana History,శతవాహనాలు'),
(242,	'బోరోబుదూర్ శిల్పానికి ఇది నమూనా',	'MultipleChoice-SingleAnswer',	'3',	'2021-04-04 07:28:14',	'2021-04-04 07:28:14',	0,	'History',	'Degree',	2,	'Telangana Culture and Heritage,Telangana History,శతవాహనాలు'),
(243,	'పల్లవబుగ్గ నుండి శ్రీలంక అనురాధపుర స్తుప ఆవిష్కరణకు హాజరైనవారు',	'MultipleChoice-SingleAnswer',	'1',	'2021-04-04 08:52:01',	'2021-04-04 08:52:01',	0,	'History',	'Degree',	3,	'Telangana Culture and Heritage,Telangana History,శతవాహనాలు'),
(244,	'ధూపాడు బౌద్ధక్షేత్రం ఏ జిల్లాలో ఉంది',	'MultipleChoice-SingleAnswer',	'4',	'2021-04-04 08:55:27',	'2021-04-04 08:55:27',	0,	'History',	'Degree',	3,	'Telangana History,శతవాహనాలు'),
(245,	'పట్టిక పాలన అనగా ?',	'MultipleChoice-SingleAnswer',	'3',	'2021-04-04 08:59:17',	'2021-04-04 08:59:17',	0,	'History',	'Degree',	3,	'Telangana Culture and Heritage,Telangana History,శతవాహనాలు'),
(246,	'శాతవాహనుల కాలంలో పరిపాలనలో సలహాలు ఇచ్చుటకు పౌర సభలు ఉన్నాయని తెలిపే గ్రంథం',	'MultipleChoice-SingleAnswer',	'3',	'2021-04-04 09:09:44',	'2021-04-04 09:09:44',	0,	'History',	'Degree',	2,	'Telangana Culture and Heritage,Telangana History,శతవాహనాలు'),
(247,	'శాతవాహన సామ్రాజ్య ఉత్తర సరిహద్దుల పై దండయాత్రలు చేసినవారు',	'MultipleChoice-SingleAnswer',	'3',	'2021-04-04 09:19:24',	'2021-04-04 09:19:24',	0,	'History',	'Degree',	2,	'Telangana Culture and Heritage,Telangana History,శతవాహనాలు'),
(248,	'మొదటి శాతకర్ణి కి సమకాలికుడైన మగధ చక్రవర్తి ఎవరు',	'MultipleChoice-SingleAnswer',	'1',	'2021-04-04 09:26:30',	'2021-04-04 09:26:30',	0,	'History',	'Degree',	2,	'Telangana Culture and Heritage,Telangana History,శతవాహనాలు'),
(249,	'అజంతా 10వ గుహ లో ఉన్న చిత్రం ఏది',	'MultipleChoice-SingleAnswer',	'1',	'2021-04-04 09:28:06',	'2021-04-04 09:28:06',	0,	'History',	'Degree',	2,	'Telangana Culture and Heritage,Telangana History,శతవాహనాలు'),
(250,	'శాతవాహనుల కాలం నాటి ఏకైక రాతి గుహాలయం',	'MultipleChoice-SingleAnswer',	'4',	'2021-04-04 09:29:10',	'2021-04-04 09:29:38',	0,	'History',	'Degree',	2,	'Telangana Culture and Heritage,Telangana History,శతవాహనాలు'),
(251,	'అమరావతి స్థూపం లోని రక్షిత జంతువు ఏది',	'MultipleChoice-SingleAnswer',	'2',	'2021-04-04 09:31:34',	'2021-04-04 09:31:34',	0,	'History',	'Degree',	2,	'Telangana Culture and Heritage,Telangana History,శతవాహనాలు'),
(252,	'హర్మిక అనేది ఏ కట్టడంలో భాగము',	'MultipleChoice-SingleAnswer',	'4',	'2021-04-04 09:34:02',	'2021-04-04 09:34:02',	0,	'History',	'Degree',	2,	'History,Telangana Culture and Heritage,Telangana History,శతవాహనాలు'),
(253,	'హతి గుంపా శాసనం ఎవరిని గురించి తెలుపుతుంది',	'MultipleChoice-SingleAnswer',	'1',	'2021-04-04 09:38:30',	'2021-04-04 09:38:30',	0,	'History',	'Degree',	2,	'Telangana Culture and Heritage,Telangana History,శతవాహనాలు'),
(254,	'బిక్షు రాజు అని ఎవరికి పేరు',	'MultipleChoice-SingleAnswer',	'4',	'2021-04-04 09:39:54',	'2021-04-04 09:39:54',	0,	'History',	'Degree',	2,	'Telangana Culture and Heritage,Telangana History,శతవాహనాలు'),
(255,	'ది గైడ్ టు జాగ్రఫీ గ్రంథకర్త ఎవరు',	'MultipleChoice-SingleAnswer',	'2',	'2021-04-04 09:42:00',	'2021-04-04 09:42:00',	0,	'History',	'Degree',	2,	'History,Telangana Culture and Heritage,Telangana History,శతవాహనాలు'),
(256,	'శ్రీసముద్రిశ్వర అనే బిరుదు ఎవరిది',	'MultipleChoice-SingleAnswer',	'3',	'2021-04-04 09:53:32',	'2021-04-04 09:53:32',	0,	'History',	'Degree',	2,	'History,Telangana Culture and Heritage,Telangana History,శతవాహనాలు'),
(257,	'ధాన్యకటక  మహాచైత్యనికి శిలా ప్రాకారాన్ని నిర్మించినది ఎవరు',	'MultipleChoice-SingleAnswer',	'2',	'2021-04-04 09:59:27',	'2021-04-04 09:59:27',	0,	'History',	'Degree',	2,	'History,Telangana Culture and Heritage,Telangana History,శతవాహనాలు'),
(258,	'ఒకే ప్రాకారంలో మూడు నాలుగు  విహారాలు ఉండి అధ్యయనానికి ఉపయోగిస్తే  ఆ నిర్మాణాన్ని ఏమంటారు',	'MultipleChoice-SingleAnswer',	'2',	'2021-04-04 10:02:14',	'2021-04-04 10:02:14',	0,	'History',	'Degree',	2,	'History,Telangana Culture and Heritage,Telangana History,శతవాహనాలు'),
(259,	'వైష్ణవ చిహ్నాలు ఏ   శాతవాహన రాజశాసనం పై ఉన్నవి',	'MultipleChoice-SingleAnswer',	'2',	'2021-04-04 10:04:05',	'2021-04-04 10:04:05',	0,	'History',	'Degree',	2,	'History,Telangana Culture and Heritage,Telangana History,శతవాహనాలు'),
(260,	'శాతవాహన పదానికి అపభ్రంశ రూపం ఏది ?',	'MultipleChoice-SingleAnswer',	'1',	'2021-04-04 10:07:17',	'2021-04-04 10:07:17',	0,	'History',	'Degree',	2,	'History,Telangana History,శతవాహనాలు'),
(261,	'విజయపురి పట్టణం నిర్మించినట్లు తెలిపే శాసనం',	'MultipleChoice-SingleAnswer',	'3',	'2021-04-04 10:09:29',	'2021-04-04 10:09:29',	0,	'History',	'Degree',	2,	'History,Telangana Culture and Heritage,Telangana History,శతవాహనాలు'),
(262,	'శాతవాహనుల కాలంలో వృత్తి బేధాలు, కుల భేదాలు లేవని తెలిపే శాసనం',	'MultipleChoice-SingleAnswer',	'3',	'2021-04-04 10:12:52',	'2021-04-04 10:12:52',	0,	'History',	'Degree',	2,	'History,Telangana History,శతవాహనాలు'),
(263,	'అమరావతి స్తూపానికి పూర్ణకుంభ ఫలకాన్ని సమర్పించినవారు',	'MultipleChoice-SingleAnswer',	'1',	'2021-04-04 10:14:52',	'2021-04-04 10:14:52',	0,	'History',	'Degree',	2,	'History,Telangana History,శతవాహనాలు'),
(264,	'బ్రాహ్మణులు తమ కుమార్తెలను శాతవాహన రాజులకు ఎవరి కాలం నుండి వివాహం చేయడం ప్రారంభించారు',	'MultipleChoice-SingleAnswer',	'1',	'2021-04-04 10:16:56',	'2021-04-04 10:16:56',	0,	'History',	'Degree',	2,	'History,India History,Telangana Culture and Heritage,Telangana History,శతవాహనాలు'),
(265,	'శాతవాహన రాజును వివాహం ఆడిన మొదటి బ్రాహ్మణ స్త్రీ ఎవరు ?',	'MultipleChoice-SingleAnswer',	'1',	'2021-04-04 10:18:55',	'2021-04-04 10:22:16',	0,	'History',	'Degree',	2,	'History,Telangana Culture and Heritage,Telangana History,శతవాహనాలు'),
(266,	'<p>వైష్ణవ మతం ఏ శాతవాహన రాజుల కాలంలో దక్షిణ దేశం వచ్చింది</p>\r\n',	'MultipleChoice-SingleAnswer',	'2',	'2021-04-04 10:20:50',	'2021-04-04 10:20:50',	0,	'History',	'Degree',	2,	'History,Telangana History,శతవాహనాలు'),
(267,	'శాతవాహనులు ఎంత శిస్తు వసూలు చేసేవారు రు',	'MultipleChoice-SingleAnswer',	'3',	'2021-04-04 13:15:36',	'2021-04-04 13:15:36',	0,	'History',	'Class 10',	1,	'India History,Telangana History,శతవాహనాలు'),
(268,	'ఆచార్య నాగార్జున ఎవరి సమకాలికుడు',	'MultipleChoice-SingleAnswer',	'4',	'2021-04-04 13:16:50',	'2021-04-04 13:16:50',	0,	'History',	'Degree',	1,	'History,Telangana Culture and Heritage,Telangana History,శతవాహనాలు'),
(269,	' శాతవాహనుల కాలంలో విదేశీ నాట్యగత్తెలు ఏ రేవులో దిగేవారు',	'MultipleChoice-SingleAnswer',	'1',	'2021-04-04 13:19:14',	'2021-04-04 13:19:14',	0,	'History',	'Degree',	1,	'History,Telangana History,శతవాహనాలు'),
(270,	'సుఖప్రదమైన వాహనం కలిగిన వాడు శాతవాహనుడు అని ఈ పేర్కొన్న గ్రంథం ఏది',	'MultipleChoice-SingleAnswer',	'1',	'2021-04-04 13:20:54',	'2021-04-04 13:20:54',	0,	'History',	'Degree',	2,	'History,Telangana History,శతవాహనాలు'),
(271,	'గౌతమీపుత్ర శాతకర్ణి మాల్వా నాణెం పై ఉన్న చిహ్నం',	'MultipleChoice-SingleAnswer',	'4',	'2021-04-04 13:23:04',	'2021-04-04 13:23:04',	0,	'History',	'Degree',	3,	'History,Telangana History,శతవాహనాలు'),
(272,	'నాసిక్ శాసనం లో ఉన్న\" విజయపురి \" పేరు ఏమిటి',	'MultipleChoice-SingleAnswer',	'4',	'2021-04-04 13:25:49',	'2021-04-04 13:25:49',	0,	'History',	'Degree',	3,	'History,Telangana History,శతవాహనాలు'),
(273,	'మగధను జయించిన శాతవాహన రాజు ఎవరు',	'MultipleChoice-SingleAnswer',	'1',	'2021-04-04 13:26:54',	'2021-04-04 13:26:54',	0,	'History',	'Degree',	3,	'History,Telangana History,శతవాహనాలు'),
(274,	'అయోధ్య లో దొరికిన నాణ్యాలు శాతకర్ణ రాజువి?',	'MultipleChoice-SingleAnswer',	'1',	'2021-04-04 13:28:43',	'2021-04-04 13:28:43',	0,	'History',	'Degree',	1,	'History,Telangana History,శతవాహనాలు'),
(275,	'ఆంధ్ర దేశం ఎవరి కాలంలో శాతవాహన సామ్రాజ్యంలో భాగమైంది',	'MultipleChoice-SingleAnswer',	'3',	'2021-04-04 13:29:57',	'2021-04-04 13:29:57',	0,	'History',	'Degree',	1,	'History,Telangana History,శతవాహనాలు'),
(276,	'ఆంధ్రదేశంలో లభించిన మొదటి శాసనం ఎవరి కాలం నాటిది',	'MultipleChoice-SingleAnswer',	'2',	'2021-04-04 13:31:22',	'2021-04-04 13:31:22',	0,	'History',	'Degree',	2,	'History,India History,Telangana History,శతవాహనాలు'),
(277,	'రుద్ర దాముడు ఎవరి సమకాలికుడు?',	'MultipleChoice-SingleAnswer',	'2',	'2021-04-04 13:33:02',	'2021-04-04 13:33:02',	0,	'History',	'Degree',	2,	'History,Telangana History,శతవాహనాలు'),
(278,	'శాతవాహనుల కాలం నాటి నాణేల పేర్లు, ఏ శాసనం వల్ల తెలియుచున్నవి ?',	'MultipleChoice-SingleAnswer',	'3',	'2021-04-04 13:34:57',	'2021-04-05 15:25:16',	0,	'History',	'Degree',	2,	'Awards,India History,Telangana History,శతవాహనాలు'),
(279,	'కళింగ ను జయించిన శాతవాహన రాజు ఎవరు ?',	'MultipleChoice-SingleAnswer',	'2',	'2021-04-04 13:36:54',	'2021-04-04 13:36:54',	0,	'History',	'Degree',	2,	'History,Telangana History,శతవాహనాలు'),
(280,	'మొదటి శాతకర్ణి కి సమకాలికుడైన కళింగరాజు ఎవరు?',	'MultipleChoice-SingleAnswer',	'1',	'2021-04-04 13:38:59',	'2021-04-04 13:38:59',	0,	'History',	'Degree',	2,	'History,Telangana History,శతవాహనాలు'),
(281,	'శుంగుల లరెండవ రాజధాని\"  విదిశను \" ఆక్రమించిన శాతవాహన రాజు ఎవరు',	'MultipleChoice-SingleAnswer',	'1',	'2021-04-04 13:41:10',	'2021-04-04 13:41:10',	0,	'History',	'Degree',	2,	'History,Telangana History,శతవాహనాలు'),
(282,	'మొదటి శాతకర్ణి కి సమకాలికుడైన మగధ చక్రవర్తి ఎవరు?',	'MultipleChoice-SingleAnswer',	'1',	'2021-04-04 13:42:45',	'2021-04-04 13:42:45',	0,	'History',	'Degree',	2,	'History,Telangana History,శతవాహనాలు'),
(283,	'శాతవాహనుల కాలంనాటి శివాలయాలు ఈ ప్రదేశంలో బయల్పడ్డాయి',	'MultipleChoice-SingleAnswer',	'2',	'2021-04-04 13:44:05',	'2021-04-04 13:44:05',	0,	'History',	'Degree',	2,	'History,Telangana History,శతవాహనాలు'),
(284,	'గుడిమల్లం దేవాలయ గోపురం ఈ విధంగా నిర్మించబడినది',	'MultipleChoice-SingleAnswer',	'3',	'2021-04-04 13:46:18',	'2021-04-04 13:46:18',	0,	'History',	'Degree',	2,	'History,Telangana History,శతవాహనాలు'),
(285,	'పురాణ పురుషుల ప్రస్తావన ఏ శాసనం లో ఉన్నది?',	'MultipleChoice-SingleAnswer',	'3',	'2021-04-04 13:47:25',	'2021-04-04 13:47:25',	0,	'History',	'Degree',	2,	'History,Telangana History,శతవాహనాలు'),
(286,	'అమరావతి స్తూపం ఏ సంవత్సరంలో కనుగొనబడింది?',	'MultipleChoice-SingleAnswer',	'3',	'2021-04-04 13:48:52',	'2021-04-04 13:48:52',	0,	'History',	'Degree',	2,	'History,Telangana History,శతవాహనాలు'),
(287,	'అమరావతి స్తూప వేదిక ఎత్తు ఎంత',	'MultipleChoice-SingleAnswer',	'3',	'2021-04-04 13:50:35',	'2021-04-04 13:50:35',	0,	'History',	'Degree',	2,	'History,Telangana History,శతవాహనాలు'),
(288,	'వడ్డమాను ఏ మతానికి చెందినది',	'MultipleChoice-SingleAnswer',	'3',	'2021-04-04 13:51:48',	'2021-04-04 13:51:48',	0,	'History',	'Degree',	2,	'History,Telangana History,శతవాహనాలు'),
(289,	'పడుచు స్త్రీలు ప్రేమ లేఖలు రాస్తున్నారని తెలిపిన గ్రంథం',	'MultipleChoice-SingleAnswer',	'2',	'2021-04-04 13:52:54',	'2021-04-04 13:52:54',	0,	'History',	'Degree',	2,	'History,Telangana History,శతవాహనాలు'),
(290,	'మ్యాకదొని శాసనంలో పేర్కొనబడిన సేనాధిపతి ఎవరు',	'MultipleChoice-SingleAnswer',	'1',	'2021-04-04 14:48:07',	'2021-04-04 14:48:07',	0,	'Biology',	'Class 10',	1,	'India History,Telangana History,శతవాహనాలు'),
(291,	'హాలుని సేనాధిపతి ఎవరు',	'MultipleChoice-SingleAnswer',	'4',	'2021-04-04 14:49:35',	'2021-04-04 14:49:35',	0,	'General Studies',	'Degree',	1,	'History,Telangana History,శతవాహనాలు'),
(292,	'రాజు శిరస్సు స్పష్టంగా కనిపించే నాణ్యం ఎవరిది',	'MultipleChoice-SingleAnswer',	'3',	'2021-04-04 14:51:20',	'2021-04-04 14:51:20',	0,	'History',	'Degree',	2,	'History,India History,Telangana History,శతవాహనాలు'),
(293,	'మాంధాత శిల్పం ఎక్కడ ఉన్నది',	'MultipleChoice-SingleAnswer',	'3',	'2021-04-04 14:52:21',	'2021-04-04 14:52:21',	0,	'History',	'Degree',	2,	'History,Telangana History,శతవాహనాలు'),
(294,	'పంచాష్టికాయ రచయిత ఎవరు',	'MultipleChoice-SingleAnswer',	'3',	'2021-04-04 14:54:06',	'2021-04-04 14:54:06',	0,	'History',	'Degree',	2,	'History,Telangana History,శతవాహనాలు'),
(295,	'శాతవాహన కాలంలో వెలువడిన గొప్ప బౌద్ధ తాత్విక గ్రంథం ఏది',	'MultipleChoice-SingleAnswer',	'3',	'2021-04-04 14:57:52',	'2021-04-04 14:57:52',	0,	'History',	'Degree',	3,	'History,India History,Telangana History,శతవాహనాలు'),
(296,	'శాతవాహనుల కాలం నాటి చిత్రలేఖనాలు ఈ ప్రదేశం లో ఉన్నాయి',	'MultipleChoice-SingleAnswer',	'1',	'2021-04-04 14:59:13',	'2021-04-04 14:59:13',	0,	'History',	'Degree',	3,	'History,Telangana Economy,Telangana History'),
(297,	'శాతవాహనుల కాలం నాటి ద్విభాషా శాసనాలు ఈ ప్రదేశం లో ఉన్నాయి?',	'MultipleChoice-SingleAnswer',	'3',	'2021-04-05 13:46:32',	'2021-04-05 13:46:32',	0,	'History',	'Degree',	1,	'Telangana Culture and Heritage,Telangana History,శతవాహనాలు'),
(298,	'శాతవాహనుల కాలంలో బౌద్ధ విద్యా సంస్థలను ఏమని పిలిచేవారు',	'MultipleChoice-SingleAnswer',	'1',	'2021-04-05 13:48:13',	'2021-04-05 13:48:13',	0,	'History',	'Degree',	1,	'History,Telangana Culture and Heritage,Telangana History,శతవాహనాలు'),
(299,	'శాతవాహనుల కాలంలో రచించబడిన వైద్య సాహిత్య భాగాలు ఏవి',	'MultipleChoice-SingleAnswer',	'1',	'2021-04-05 13:49:16',	'2021-04-05 13:49:16',	0,	'History',	'Degree',	1,	'History,Telangana History,శతవాహనాలు'),
(300,	'కౌంట్ ఆఫ్ ఇండియా అని ఎవరికి పేరు',	'MultipleChoice-SingleAnswer',	'3',	'2021-04-05 13:51:24',	'2021-04-05 13:51:24',	0,	'History',	'Degree',	1,	'History,Telangana History,శతవాహనాలు'),
(301,	'టిబెట్లో కాలచక్ర యానాన్ని ఎవరు ప్రచారం చేశారు',	'MultipleChoice-SingleAnswer',	'2',	'2021-04-05 13:53:16',	'2021-04-05 13:53:16',	0,	'History',	'Degree',	1,	'Awards,History,Telangana History,శతవాహనాలు'),
(302,	'ఈ గ్రంథానికి బస్సు బంధు వ్యాఖ్యానం రాశాడు?',	'MultipleChoice-SingleAnswer',	'1',	'2021-04-05 13:55:06',	'2021-04-05 13:55:06',	0,	'History',	'Degree',	1,	'History,Telangana History,శతవాహనాలు'),
(303,	'అభిదమ్మ కోశ రచయిత',	'MultipleChoice-SingleAnswer',	'1',	'2021-04-05 13:57:02',	'2021-04-05 13:57:02',	0,	'History',	'Degree',	2,	'History,Telangana History,శతవాహనాలు'),
(304,	'నాగార్జునుడు ఎవరి కుట్ర వలన హత్య చేయబడ్డాడు',	'MultipleChoice-SingleAnswer',	'4',	'2021-04-05 13:58:31',	'2021-04-05 13:58:31',	0,	'History',	'Degree',	3,	'History,Telangana History,శతవాహనాలు'),
(305,	'శత శాస్త్ర రచయిత ఎవరు',	'MultipleChoice-SingleAnswer',	'2',	'2021-04-05 14:00:14',	'2021-04-05 14:00:14',	0,	'History',	'Degree',	3,	'History,Telangana History,శతవాహనాలు'),
(306,	'భారతదేశంలో అతి ప్రాచీన బౌద్ధ స్తూపం ఏది',	'MultipleChoice-SingleAnswer',	'4',	'2021-04-05 14:01:43',	'2021-04-05 14:01:43',	0,	'History',	'Degree',	3,	'History,India History,Telangana History,శతవాహనాలు'),
(307,	'క్రీస్తుశకం 12వ శతాబ్దంలో జైన పరిషత్ ను నిర్వహించింది ఎవరు',	'MultipleChoice-SingleAnswer',	'4',	'2021-04-05 14:03:20',	'2021-04-05 14:03:20',	0,	'History',	'Degree',	3,	'History,Telangana History,శతవాహనాలు'),
(308,	'పరిశిష్ట పర్వం గ్రంథకర్త ',	'MultipleChoice-SingleAnswer',	'1',	'2021-04-05 14:04:46',	'2021-04-05 14:04:46',	0,	'History',	'Degree',	3,	'History,Telangana History,శతవాహనాలు'),
(309,	'సలక పురుష సిద్ధాంతం ఏ మతానికి చెందినది',	'MultipleChoice-SingleAnswer',	'1',	'2021-04-05 14:06:14',	'2021-04-05 14:06:14',	0,	'History',	'Degree',	3,	'History,Telangana History,శతవాహనాలు'),
(310,	'క్రీస్తుశకం 513 లో వల్లభి లో జరిగిన జైన మత పరిషత్ అధ్యక్షుడు ఎవరు',	'MultipleChoice-SingleAnswer',	'4',	'2021-04-05 14:09:01',	'2021-04-05 14:09:01',	0,	'History',	'Degree',	3,	'History,Telangana History,శతవాహనాలు'),
(311,	'ఆవశ్యక సూత్ర గ్రంథ రచయిత',	'MultipleChoice-SingleAnswer',	'1',	'2021-04-05 14:10:13',	'2021-04-05 14:10:13',	0,	'History',	'Degree',	3,	'History,Telangana History,శతవాహనాలు'),
(312,	'బుద్ధుని బోధనలను అమరావతిలో విన్న వ్యక్తి ఎవరు',	'MultipleChoice-SingleAnswer',	'1',	'2021-04-05 14:11:56',	'2021-04-05 15:21:27',	0,	'History',	'Degree',	3,	'History,శతవాహనాలు'),
(313,	'ఆంధ్రదేశంలో జైన మతాన్ని ప్రచారం చేసిన మొదటి ఆచార్యుడు ఎవరు',	'MultipleChoice-SingleAnswer',	'3',	'2021-04-05 14:13:14',	'2021-04-05 14:13:14',	0,	'History',	'Degree',	3,	'History,Telangana History,శతవాహనాలు'),
(314,	'కౌండిన్య అని పేరు ఎవరిది',	'MultipleChoice-SingleAnswer',	'1',	'2021-04-05 14:14:59',	'2021-04-05 14:14:59',	0,	'History',	'Degree',	3,	'History,Telangana History,శతవాహనాలు'),
(315,	'స్వతంత్ర సిద్ధాంత కర్త ఎవరు',	'MultipleChoice-SingleAnswer',	'3',	'2021-04-05 14:17:48',	'2021-04-05 14:17:48',	0,	'History',	'Degree',	3,	'History,Telangana History,శతవాహనాలు'),
(316,	'మాధ్యమిక వృత్తి రచయిత',	'MultipleChoice-SingleAnswer',	'1',	'2021-04-05 14:19:05',	'2021-04-05 14:19:05',	0,	'History',	'Degree',	3,	'History,Telangana History,శతవాహనాలు'),
(317,	'విజ్ఞాన వాదం స్థాపకుడు ఎవరు',	'MultipleChoice-SingleAnswer',	'1',	'2021-04-05 14:20:33',	'2021-04-05 14:20:33',	0,	'History',	'Degree',	3,	'History,Telangana History,శతవాహనాలు'),
(318,	'కడప జిల్లాలో పెద్ద బౌద్ధ ఆరామం ఉన్న ప్రదేశం',	'MultipleChoice-SingleAnswer',	'3',	'2021-04-05 14:22:02',	'2021-04-05 14:22:02',	0,	'History',	'Degree',	3,	'History,Telangana History,శతవాహనాలు'),
(319,	'బావికొండ తొట్లకొండ ఏ శాఖకు చెందినవి ',	'MultipleChoice-SingleAnswer',	'2',	'2021-04-05 14:24:26',	'2021-04-05 14:24:26',	0,	'History',	'Degree',	3,	'History,Telangana History,శతవాహనాలు'),
(320,	'దక్షిణ భారతదేశంలో అతిపెద్ద బౌద్ధ స్తూపం ఏది',	'MultipleChoice-SingleAnswer',	'2',	'2021-04-05 14:25:26',	'2021-04-05 14:25:26',	0,	'History',	'Degree',	3,	'History,Telangana History,శతవాహనాలు'),
(321,	'భారతదేశంలో అతి పెద్ద బౌద్ధ స్తూపం',	'MultipleChoice-SingleAnswer',	'2',	'2021-04-05 14:27:06',	'2021-04-05 14:27:06',	0,	'History',	'Degree',	3,	'History,India History,Telangana History,శతవాహనాలు'),
(322,	'శాతవాహనుల కాలంలో నేతపని వారి శ్రేణి పేరు',	'MultipleChoice-SingleAnswer',	'3',	'2021-04-05 14:30:19',	'2021-04-05 14:30:19',	0,	'History',	'Degree',	3,	'India History,Telangana History,శతవాహనాలు'),
(323,	'బెల్లం పంచదార ప్రస్తావన ఏ గ్రంథం లో కలదు',	'MultipleChoice-SingleAnswer',	'1',	'2021-04-05 14:31:21',	'2021-04-05 14:31:21',	0,	'History',	'Degree',	3,	'History,Telangana History,శతవాహనాలు'),
(324,	'సన్నని వస్త్రాలకు ఈ ప్రదేశం ప్రసిద్ధి',	'MultipleChoice-SingleAnswer',	'1',	'2021-04-05 14:32:59',	'2021-04-05 14:32:59',	0,	'History',	'Degree',	3,	'India History,Telangana History,శతవాహనాలు'),
(325,	'శాతవాహనుల కాలంలో రాగి గనులకు ప్రసిద్ధమైన ప్రదేశం',	'MultipleChoice-SingleAnswer',	'1',	'2021-04-05 14:33:50',	'2021-04-05 14:33:50',	0,	'History',	'Degree',	3,	'India History,Telangana History,శతవాహనాలు'),
(326,	'విదేశాల నుంచి నాట్యకత్యేలను దిగుమతి చేసుకున్న రేవు పట్టణం ఏది',	'MultipleChoice-SingleAnswer',	'4',	'2021-04-05 14:36:07',	'2021-04-05 14:36:07',	0,	'History',	'Degree',	3,	'History,India History,Telangana History'),
(327,	'జోగల్ తంబి ఏ రాష్ట్రం లోని ప్రదేశం',	'MultipleChoice-SingleAnswer',	'4',	'2021-04-05 14:37:22',	'2021-04-05 15:21:08',	0,	'History',	'Degree',	3,	'India History,Telangana History,శతవాహనాలు'),
(328,	'దుప్పిగామని',	'MultipleChoice-SingleAnswer',	'1',	'2021-04-05 14:39:05',	'2021-04-05 14:39:05',	0,	'History',	'Degree',	3,	'India History,Telangana History,శతవాహనాలు'),
(329,	'ఆంధ్రులను గురించి పేర్కొన్న అశోకుని శిలా శాసనం ఏది',	'MultipleChoice-SingleAnswer',	'4',	'2021-04-05 14:40:55',	'2021-04-05 14:40:55',	0,	'History',	'Degree',	3,	'India History,Telangana History,శతవాహనాలు'),
(330,	'పోర్చుగీసువారు తెలుగుభాషకు పెట్టిన పేరు',	'MultipleChoice-SingleAnswer',	'1',	'2021-04-05 14:42:05',	'2021-04-05 14:42:05',	0,	'History',	'Degree',	3,	'History,Telangana History,శతవాహనాలు'),
(331,	'హాలుని వివాహాన్ని తెలిపే గ్రంథం',	'MultipleChoice-SingleAnswer',	'1',	'2021-04-05 14:43:59',	'2021-04-05 14:43:59',	0,	'History',	'Degree',	3,	'India History,Telangana History,శతవాహనాలు'),
(332,	'స్కందా వారం అంటే ఏమిటి',	'MultipleChoice-SingleAnswer',	'2',	'2021-04-05 14:44:55',	'2021-04-05 14:44:55',	0,	'History',	'Degree',	3,	'History,Telangana History,శతవాహనాలు'),
(333,	'మొదటి తెలుగు పదం ఏ శాసనం లో ఉన్నది',	'MultipleChoice-SingleAnswer',	'1',	'2021-04-05 14:45:51',	'2021-04-05 14:45:51',	0,	'History',	'Degree',	3,	'History,Telangana History,శతవాహనాలు'),
(334,	'నాగార్జునకొండ శిథిలాలను మొదటిగా కనుగొన్నది ఎవరు',	'MultipleChoice-SingleAnswer',	'1',	'2021-04-05 14:46:49',	'2021-04-05 14:46:49',	0,	'History',	'Degree',	3,	'History,Telangana History,శతవాహనాలు'),
(335,	'భట్టిప్రోలు ప్రాచీన నామం ఏది',	'MultipleChoice-SingleAnswer',	'3',	'2021-04-05 14:48:13',	'2021-04-05 14:48:13',	0,	'History',	'Degree',	3,	'History,శతవాహనాలు'),
(336,	'పద్మ భట్ట నందారకుడు\" ఎవరి తొలి నామం',	'MultipleChoice-SingleAnswer',	'4',	'2021-04-05 14:50:36',	'2021-04-05 14:50:36',	0,	'History',	'Degree',	3,	'History,శతవాహనాలు'),
(337,	'శాతవాహనుల కాలం నాటి అజంతా గుహ ఏది?',	'MultipleChoice-SingleAnswer',	'2',	'2021-04-05 14:52:24',	'2021-04-05 14:52:24',	0,	'History',	'Degree',	3,	'History,శతవాహనాలు'),
(338,	'తొలి శాతవాహన రాజు చే ఆదరించ బడిన ఆచార్యుడు',	'MultipleChoice-SingleAnswer',	'3',	'2021-04-05 14:53:58',	'2021-04-05 14:53:58',	0,	'History',	'Degree',	3,	'History,శతవాహనాలు'),
(339,	'గౌతమీ బాలశ్రీ నాసిక్ గుహను ఏ బౌద్ధ శాఖకు దానం చేసింది',	'MultipleChoice-SingleAnswer',	'3',	'2021-04-05 14:58:14',	'2021-04-05 14:58:14',	0,	'History',	'Degree',	3,	'History,శతవాహనాలు'),
(340,	'కొండ కుందన ఆచార్యుని అసలు పేరు ఏమిటి',	'MultipleChoice-SingleAnswer',	'3',	'2021-04-05 14:59:39',	'2021-04-05 14:59:39',	0,	'History',	'Degree',	3,	'History,శతవాహనాలు'),
(341,	'శాతవాహనుల మత శాఖ',	'MultipleChoice-SingleAnswer',	'1',	'2021-04-05 15:00:50',	'2021-04-05 15:00:50',	0,	'History',	'Degree',	3,	'History,శతవాహనాలు'),
(342,	'అమరావతి స్థూపాన్ని కనుగొన్నది ఎవరు',	'MultipleChoice-SingleAnswer',	'1',	'2021-04-05 15:02:19',	'2021-04-05 15:02:19',	0,	'History',	'Degree',	3,	'History,Telangana History,శతవాహనాలు'),
(343,	'బుద్ధుని మహాభినిష్క్రమణకు చిహ్నము',	'MultipleChoice-SingleAnswer',	'2',	'2021-04-05 15:03:23',	'2021-04-05 15:03:23',	0,	'History',	'Degree',	3,	'History,శతవాహనాలు'),
(344,	'బుద్ధుని జాతక కథలు ఎచ్చట శిల్పాలుగా చెక్కారు',	'MultipleChoice-SingleAnswer',	'2',	'2021-04-05 15:04:21',	'2021-04-05 15:04:21',	0,	'History',	'Degree',	3,	'History,శతవాహనాలు'),
(345,	'ఉపో అనగా ఏమిటి',	'MultipleChoice-SingleAnswer',	'3',	'2021-04-05 15:05:36',	'2021-04-05 15:05:36',	0,	'History',	'Degree',	3,	'History,శతవాహనాలు'),
(346,	'ఆంధ్ర దేశంలో అతి ప్రాచీన చైత్యం',	'MultipleChoice-SingleAnswer',	'4',	'2021-04-05 15:06:22',	'2021-04-05 15:06:22',	0,	'History',	'Degree',	3,	'History,శతవాహనాలు'),
(347,	'వేదికలు ఉన్న స్థూపాన్ని ఏమంటారు',	'MultipleChoice-SingleAnswer',	'1',	'2021-04-05 15:08:04',	'2021-04-05 15:08:04',	0,	'History',	'Degree',	3,	'History,శతవాహనాలు'),
(348,	'గుంటుపల్లి చైత్యాన్ని దేనితో పోల్చారు',	'MultipleChoice-SingleAnswer',	'1',	'2021-04-05 15:10:01',	'2021-04-05 15:19:50',	0,	'History',	'Degree',	3,	'India History,శతవాహనాలు'),
(349,	'కిందివాటిలో ధాతు గర్భం ఏది',	'MultipleChoice-SingleAnswer',	'1',	'2021-04-05 15:12:06',	'2021-04-05 15:12:06',	0,	'History',	'Degree',	3,	'History,శతవాహనాలు'),
(350,	'బట్టి ప్రోలు స్థూపాన్ని ఎవరు కనుగొన్నారు',	'MultipleChoice-SingleAnswer',	'1',	'2021-04-05 15:13:13',	'2021-04-05 15:13:25',	0,	'History',	'Degree',	3,	'History,శతవాహనాలు'),
(351,	'ఆంధ్ర దేశంలో గల దివ్య స్తూపం ',	'MultipleChoice-SingleAnswer',	'4',	'2021-04-05 15:14:58',	'2021-04-05 15:15:09',	0,	'History',	'Degree',	3,	'History,శతవాహనాలు'),
(352,	'కుబేరుని ప్రస్తావన కల శాసనం',	'MultipleChoice-SingleAnswer',	'4',	'2021-04-05 15:16:12',	'2021-04-05 15:16:12',	0,	'History',	'Degree',	3,	'History,India History,శతవాహనాలు'),
(353,	'నల్లరాణుల చిత్రాలు గల ప్రదేశం',	'MultipleChoice-SingleAnswer',	'4',	'2021-04-05 15:17:28',	'2021-04-05 15:17:28',	0,	'History',	'Degree',	3,	'History,శతవాహనాలు');

DROP TABLE IF EXISTS `subjects`;
CREATE TABLE `subjects` (
  `id` int NOT NULL AUTO_INCREMENT,
  `name` varchar(255) DEFAULT NULL,
  PRIMARY KEY (`id`)
) ENGINE=InnoDB DEFAULT CHARSET=utf8;

INSERT INTO `subjects` (`id`, `name`) VALUES
(1,	'English'),
(2,	'Telugu'),
(3,	'Hindi'),
(4,	'Mathematics'),
(5,	'Social'),
(6,	'Science'),
(7,	'General Studies'),
(8,	'Sanskrit'),
(9,	'History'),
(10,	'Geography'),
(11,	'Civics'),
(12,	'Economics'),
(13,	'Physics'),
(14,	'Chemistry'),
(15,	'Biology'),
(16,	'Botany'),
(17,	'Zoology'),
(18,	'General Knowledge');

DROP TABLE IF EXISTS `tags`;
CREATE TABLE `tags` (
  `id` int NOT NULL AUTO_INCREMENT,
  `name` varchar(55) NOT NULL,
  PRIMARY KEY (`id`)
) ENGINE=InnoDB DEFAULT CHARSET=utf8mb4 COLLATE=utf8mb4_0900_ai_ci;

INSERT INTO `tags` (`id`, `name`) VALUES
(1,	'Book - Writer'),
(2,	'Important Dates'),
(3,	'Economy'),
(4,	'History'),
(5,	'Telangana History'),
(6,	'India History'),
(7,	'Geography'),
(8,	'World Geography'),
(9,	'Telangana Geography'),
(10,	'Physical Science'),
(11,	'Biological Science'),
(12,	'First in India'),
(13,	'First in World'),
(14,	'Polity'),
(16,	'Telangana Economy'),
(17,	'Indian Economy'),
(18,	'Telangana Culture and Heritage'),
(19,	'Culture and Heritage'),
(20,	'Festivals'),
(21,	'Dance'),
(23,	'Sports'),
(24,	'Awards'),
(25,	'Science and Technology'),
(26,	'Old names and New names'),
(27,	'Abbreviations'),
(28,	'Smallest'),
(29,	'Biggest'),
(30,	'Shortest'),
(31,	'Longest'),
(32,	'Tallest'),
(33,	'Largest'),
(34,	'Inventions'),
(35,	'Discoveries'),
(36,	'Theories'),
(37,	'Revolutions'),
(38,	'Leaders'),
(39,	'Wars'),
(40,	'Medical Research Centers'),
(41,	'Biological Research Centers'),
(42,	'Agriculture Research Centers'),
(43,	'Chemical Research Centers'),
(44,	'Scientific Equipments'),
(45,	'Important Commissions'),
(46,	'Stats'),
(47,	'Cricket'),
(48,	'Chess'),
(49,	'Cricket IPL'),
(50,	'Wimbledon'),
(51,	'Hockey'),
(52,	'Football'),
(53,	'Olympics'),
(54,	'Games and Trophys'),
(55,	'శతవాహనాలు');

DROP TABLE IF EXISTS `user_exam_question_answers`;
CREATE TABLE `user_exam_question_answers` (
  `id` bigint NOT NULL AUTO_INCREMENT,
  `user_exam_id` bigint DEFAULT NULL,
  `question_id` bigint DEFAULT NULL,
  `answer` varchar(55) DEFAULT NULL,
  PRIMARY KEY (`id`),
  KEY `user_exam_id` (`user_exam_id`),
  KEY `question_id` (`question_id`)
) ENGINE=InnoDB DEFAULT CHARSET=utf8mb4 COLLATE=utf8mb4_0900_ai_ci;

INSERT INTO `user_exam_question_answers` (`id`, `user_exam_id`, `question_id`, `answer`) VALUES
(1,	1,	8,	'1'),
(2,	1,	6,	'4'),
(3,	1,	4,	'3'),
(4,	1,	3,	'4'),
(5,	1,	2,	'3'),
(6,	1,	1,	'2'),
(7,	1,	11,	'4'),
(8,	1,	12,	'1'),
(9,	1,	9,	'2'),
(10,	1,	7,	'3'),
(11,	2,	7,	'3'),
(12,	2,	8,	'1'),
(13,	3,	5,	'1'),
(14,	3,	4,	'3'),
(15,	3,	8,	'1'),
(16,	3,	10,	'4'),
(17,	3,	9,	'2'),
(18,	3,	7,	'3'),
(19,	3,	2,	'4'),
(20,	3,	12,	'3'),
(21,	3,	1,	'2'),
(22,	3,	3,	'4'),
(23,	4,	5,	'1'),
(24,	4,	4,	'4'),
(25,	4,	8,	'3'),
(26,	4,	10,	'4'),
(27,	6,	8,	'3'),
(28,	6,	6,	'3'),
(29,	6,	4,	'3'),
(30,	6,	3,	'3'),
(31,	6,	2,	'4'),
(32,	6,	1,	'2'),
(33,	6,	11,	'3'),
(34,	6,	12,	'1'),
(35,	6,	9,	'2'),
(36,	6,	7,	'3'),
(37,	7,	17,	'1'),
(38,	7,	16,	'2'),
(39,	7,	14,	'1'),
(40,	7,	8,	'3'),
(41,	7,	7,	'4'),
(42,	7,	6,	'3'),
(43,	7,	5,	'4'),
(44,	7,	4,	'3'),
(45,	7,	3,	'2'),
(46,	7,	2,	'1'),
(47,	7,	1,	'2'),
(48,	7,	12,	'2'),
(49,	7,	13,	'3'),
(50,	7,	15,	'2'),
(51,	8,	5,	'1'),
(52,	8,	4,	'2'),
(53,	8,	8,	'2'),
(54,	8,	10,	'2'),
(55,	8,	9,	'4'),
(56,	8,	7,	'3'),
(57,	8,	2,	'4'),
(58,	8,	12,	'1'),
(59,	8,	1,	'2'),
(60,	8,	3,	'2'),
(61,	9,	17,	'2'),
(62,	10,	8,	'2'),
(63,	10,	6,	'2'),
(64,	13,	56,	'4'),
(65,	13,	55,	'1'),
(66,	13,	54,	'3'),
(67,	13,	53,	'4'),
(68,	13,	52,	'2'),
(69,	13,	51,	'4'),
(70,	13,	50,	'4'),
(71,	13,	49,	'4'),
(72,	13,	48,	'4'),
(73,	14,	56,	'4'),
(74,	14,	55,	'3'),
(75,	14,	54,	'3'),
(76,	13,	47,	'4'),
(77,	14,	53,	'2'),
(78,	14,	52,	'1'),
(79,	14,	51,	'4'),
(80,	14,	50,	'3'),
(81,	14,	49,	'4'),
(82,	13,	46,	'2'),
(83,	14,	48,	'3'),
(84,	14,	47,	'4'),
(85,	14,	46,	'2'),
(86,	14,	45,	'4'),
(87,	14,	44,	'3'),
(88,	13,	45,	'4'),
(89,	14,	43,	'2'),
(90,	14,	42,	'4'),
(91,	14,	41,	'3'),
(92,	14,	40,	'4'),
(93,	13,	40,	'3'),
(94,	14,	39,	'4'),
(95,	14,	38,	'4'),
(96,	13,	39,	'4'),
(97,	14,	37,	'2'),
(98,	13,	41,	'3'),
(99,	13,	42,	'2'),
(100,	13,	44,	'3'),
(101,	13,	43,	'3'),
(102,	13,	38,	'4'),
(103,	16,	56,	'4'),
(104,	16,	55,	'1'),
(105,	16,	54,	'3'),
(106,	16,	53,	'1'),
(107,	13,	37,	'3'),
(108,	16,	52,	'2'),
(109,	16,	51,	'4'),
(110,	16,	50,	'4'),
(111,	16,	49,	'4'),
(112,	16,	48,	'1'),
(113,	16,	47,	'4'),
(114,	16,	46,	'2'),
(115,	16,	45,	'4'),
(116,	16,	44,	'3'),
(117,	16,	43,	'2'),
(118,	16,	42,	'2'),
(119,	16,	41,	'3'),
(120,	16,	40,	'3'),
(121,	16,	39,	'4'),
(122,	16,	38,	'4'),
(123,	16,	37,	'4'),
(124,	18,	56,	'4'),
(125,	18,	54,	'3'),
(126,	18,	53,	'1'),
(127,	18,	52,	'2'),
(128,	18,	51,	'3'),
(129,	18,	50,	'4'),
(130,	18,	49,	'4'),
(131,	18,	48,	'4'),
(132,	18,	47,	'4'),
(133,	18,	46,	'2'),
(134,	18,	45,	'4'),
(135,	18,	44,	'3'),
(136,	18,	43,	'1'),
(137,	18,	42,	'2'),
(138,	18,	41,	'3'),
(139,	18,	40,	'1'),
(140,	20,	56,	'4'),
(141,	19,	56,	'2'),
(142,	18,	39,	'4'),
(143,	18,	38,	'2'),
(144,	19,	55,	'4'),
(145,	19,	54,	'2'),
(146,	18,	37,	'4'),
(147,	19,	53,	'4'),
(148,	19,	52,	'1'),
(149,	21,	56,	'4'),
(150,	21,	53,	'2'),
(151,	21,	52,	'2'),
(152,	19,	51,	'4'),
(153,	19,	50,	'2'),
(154,	19,	49,	'3'),
(155,	19,	48,	'4'),
(156,	19,	47,	'1'),
(157,	19,	46,	'1'),
(158,	19,	45,	'2'),
(159,	19,	44,	'3'),
(160,	19,	41,	'2'),
(161,	19,	38,	'1'),
(162,	19,	37,	'2'),
(163,	24,	56,	'1'),
(164,	24,	55,	'1'),
(165,	24,	54,	'3'),
(166,	25,	56,	'1'),
(167,	25,	55,	'2'),
(168,	25,	54,	'3'),
(169,	25,	53,	'4'),
(170,	25,	52,	'1'),
(171,	25,	51,	'4'),
(172,	25,	50,	'4'),
(173,	25,	49,	'2'),
(174,	25,	48,	'1'),
(175,	25,	46,	'2'),
(176,	25,	45,	'3'),
(177,	25,	43,	'3'),
(178,	25,	41,	'3'),
(179,	25,	40,	'2'),
(180,	25,	39,	'2'),
(181,	25,	38,	'2'),
(182,	25,	37,	'3'),
(183,	24,	53,	'3'),
(184,	24,	52,	'2'),
(185,	24,	51,	'3'),
(186,	24,	50,	'4'),
(187,	24,	49,	'4'),
(188,	24,	48,	'1'),
(189,	24,	47,	'4'),
(190,	24,	46,	'2'),
(191,	24,	45,	'4'),
(192,	24,	44,	'3'),
(193,	24,	43,	'3'),
(194,	24,	42,	'2'),
(195,	24,	41,	'3'),
(196,	24,	40,	'3'),
(197,	24,	39,	'4'),
(198,	26,	56,	'4'),
(199,	24,	38,	'3'),
(200,	26,	55,	'1'),
(201,	26,	54,	'1'),
(202,	26,	53,	'2'),
(203,	26,	52,	'1'),
(204,	26,	51,	'2'),
(205,	26,	50,	'1'),
(206,	26,	49,	'2'),
(207,	26,	48,	'2'),
(208,	24,	37,	'4'),
(209,	26,	47,	'4'),
(210,	26,	45,	'1'),
(211,	26,	44,	'3'),
(212,	26,	43,	'3'),
(213,	26,	42,	'1'),
(214,	26,	41,	'3'),
(215,	26,	39,	'2'),
(216,	26,	38,	'1'),
(217,	26,	37,	'2'),
(218,	30,	56,	'4'),
(219,	30,	55,	'3'),
(220,	30,	54,	'2'),
(221,	30,	53,	'1'),
(222,	30,	52,	'2'),
(223,	30,	51,	'2'),
(224,	30,	50,	'1'),
(225,	30,	49,	'4'),
(226,	30,	48,	'1'),
(227,	30,	47,	'1'),
(228,	30,	46,	'2'),
(229,	30,	45,	'1'),
(230,	30,	44,	'1'),
(231,	30,	43,	'3'),
(232,	30,	42,	'4'),
(233,	31,	56,	'4'),
(234,	31,	55,	'4'),
(235,	30,	41,	'1'),
(236,	31,	54,	'4'),
(237,	30,	40,	'1'),
(238,	30,	39,	'2'),
(239,	31,	53,	'4'),
(240,	30,	38,	'3'),
(241,	31,	52,	'1'),
(242,	30,	37,	'2'),
(243,	31,	51,	'4'),
(244,	31,	50,	'1'),
(245,	31,	48,	'4'),
(246,	31,	47,	'2'),
(247,	32,	56,	'2'),
(248,	32,	55,	'1'),
(249,	33,	56,	'4'),
(250,	32,	54,	'1'),
(251,	32,	53,	'1'),
(252,	32,	52,	'2'),
(253,	31,	46,	'1'),
(254,	32,	51,	'2'),
(255,	32,	50,	'3'),
(256,	32,	49,	'4'),
(257,	31,	45,	'1'),
(258,	32,	48,	'1'),
(259,	32,	47,	'3'),
(260,	32,	45,	'4'),
(261,	31,	44,	'2'),
(262,	32,	43,	'3'),
(263,	31,	43,	'1'),
(264,	32,	42,	'1'),
(265,	32,	41,	'4'),
(266,	33,	55,	'2'),
(267,	31,	42,	'4'),
(268,	32,	40,	'3'),
(269,	32,	39,	'2'),
(270,	32,	38,	'1'),
(271,	33,	54,	'4'),
(272,	32,	37,	'3'),
(273,	31,	41,	'1'),
(274,	33,	53,	'1'),
(275,	31,	40,	'3'),
(276,	33,	52,	'4'),
(277,	31,	39,	'1'),
(278,	31,	38,	'2'),
(279,	31,	37,	'3'),
(280,	33,	51,	'3'),
(281,	33,	50,	'1'),
(282,	33,	49,	'1'),
(283,	33,	48,	'4'),
(284,	33,	47,	'3'),
(285,	33,	46,	'3'),
(286,	33,	45,	'3'),
(287,	33,	44,	'2'),
(288,	33,	43,	'3'),
(289,	33,	42,	'4'),
(290,	33,	41,	'3'),
(291,	33,	40,	'2'),
(292,	33,	39,	'2'),
(293,	33,	38,	'2'),
(294,	33,	37,	'2'),
(295,	37,	56,	'2'),
(296,	37,	55,	'1'),
(297,	37,	54,	'1'),
(298,	37,	53,	'4'),
(299,	37,	52,	'2'),
(300,	37,	51,	'4'),
(301,	37,	50,	'4'),
(302,	37,	49,	'4'),
(303,	38,	56,	'4'),
(304,	37,	48,	'1'),
(305,	37,	47,	'4'),
(306,	37,	46,	'2'),
(307,	37,	45,	'4'),
(308,	37,	44,	'3'),
(309,	37,	43,	'2'),
(310,	37,	42,	'2'),
(311,	37,	41,	'3'),
(312,	37,	40,	'3'),
(313,	37,	39,	'4'),
(314,	37,	38,	'4'),
(316,	37,	37,	'4'),
(318,	41,	56,	'4'),
(319,	41,	55,	'4'),
(320,	41,	54,	'3'),
(321,	41,	53,	'3'),
(322,	41,	52,	'4'),
(323,	41,	51,	'4'),
(324,	41,	50,	'1'),
(325,	41,	49,	'4'),
(326,	41,	48,	'3'),
(327,	41,	47,	'4'),
(328,	41,	46,	'2'),
(329,	41,	45,	'1'),
(330,	41,	44,	'3'),
(331,	41,	43,	'3'),
(332,	41,	42,	'4'),
(333,	41,	41,	'4'),
(334,	41,	40,	'4'),
(335,	41,	39,	'3'),
(336,	41,	38,	'3'),
(337,	41,	37,	'2'),
(338,	42,	37,	'1'),
(339,	44,	56,	'2'),
(340,	44,	55,	'2'),
(341,	44,	54,	'2'),
(342,	44,	53,	'2'),
(343,	44,	52,	'4'),
(344,	44,	51,	'1'),
(345,	44,	50,	'3'),
(346,	44,	49,	'2'),
(347,	44,	48,	'1'),
(348,	44,	47,	'4'),
(349,	44,	46,	'3'),
(350,	44,	45,	'4'),
(351,	44,	44,	'3'),
(352,	44,	43,	'2'),
(353,	44,	42,	'4'),
(354,	44,	41,	'1'),
(355,	44,	40,	'2'),
(356,	44,	39,	'4'),
(357,	44,	38,	'2'),
(358,	44,	37,	'2'),
(359,	47,	56,	'2'),
(360,	47,	55,	'2'),
(361,	47,	54,	'3'),
(362,	47,	53,	'4'),
(363,	47,	52,	'1'),
(364,	47,	51,	'4'),
(365,	47,	50,	'1'),
(366,	47,	49,	'4'),
(367,	47,	48,	'1'),
(368,	47,	47,	'4'),
(369,	47,	46,	'2'),
(370,	47,	45,	'1'),
(371,	47,	44,	'3'),
(372,	47,	43,	'2'),
(373,	47,	42,	'2'),
(374,	47,	41,	'4'),
(375,	47,	40,	'1'),
(376,	47,	39,	'3'),
(377,	47,	38,	'3'),
(378,	47,	37,	'1'),
(379,	48,	42,	'3'),
(380,	48,	41,	'2'),
(381,	50,	56,	'2'),
(382,	50,	55,	'2'),
(383,	50,	54,	'1'),
(384,	50,	53,	'3'),
(385,	50,	52,	'4'),
(386,	50,	51,	'3'),
(387,	50,	50,	'3'),
(388,	50,	49,	'4'),
(389,	50,	48,	'3'),
(390,	50,	47,	'4'),
(391,	50,	46,	'2'),
(392,	50,	45,	'1'),
(393,	50,	44,	'3'),
(394,	50,	43,	'2'),
(395,	50,	42,	'4'),
(396,	50,	41,	'3'),
(397,	50,	40,	'4'),
(398,	50,	39,	'4'),
(399,	50,	38,	'1'),
(400,	50,	37,	'3'),
(401,	53,	56,	'4'),
(402,	53,	55,	'3'),
(403,	53,	54,	'4'),
(404,	53,	53,	'3'),
(405,	53,	52,	'2'),
(406,	53,	51,	'3'),
(407,	53,	50,	'2'),
(408,	53,	49,	'4'),
(409,	53,	48,	'1'),
(410,	53,	47,	'4'),
(411,	53,	46,	'2'),
(412,	53,	45,	'4'),
(413,	53,	44,	'3'),
(414,	53,	43,	'2'),
(415,	53,	42,	'2'),
(416,	53,	41,	'1'),
(417,	53,	40,	'4'),
(418,	53,	39,	'3'),
(419,	53,	38,	'4'),
(420,	53,	37,	'2'),
(421,	60,	56,	'1'),
(422,	60,	55,	'1'),
(423,	60,	54,	'1'),
(424,	60,	53,	'1'),
(425,	60,	52,	'3'),
(426,	60,	51,	'2'),
(427,	60,	50,	'2'),
(428,	60,	49,	'2'),
(429,	60,	48,	'2'),
(430,	60,	47,	'2'),
(431,	60,	46,	'2'),
(432,	60,	45,	'2'),
(433,	60,	44,	'2'),
(434,	60,	43,	'2'),
(435,	60,	42,	'3'),
(436,	60,	41,	'3'),
(437,	60,	40,	'3'),
(438,	60,	39,	'3'),
(439,	60,	38,	'3'),
(440,	60,	37,	'4'),
(441,	62,	56,	'1'),
(442,	62,	55,	'4'),
(443,	62,	54,	'4'),
(444,	62,	53,	'4'),
(445,	62,	52,	'4'),
(446,	62,	51,	'4'),
(447,	62,	50,	'4'),
(448,	62,	49,	'4'),
(449,	62,	48,	'3'),
(450,	62,	47,	'4'),
(451,	62,	46,	'3'),
(452,	62,	45,	'4'),
(453,	62,	44,	'4'),
(454,	62,	43,	'4'),
(455,	62,	42,	'4'),
(456,	62,	41,	'3'),
(457,	62,	40,	'4'),
(458,	62,	39,	'4'),
(459,	62,	38,	'3'),
(460,	62,	37,	'4'),
(462,	65,	5,	'2'),
(463,	65,	18,	'3'),
(464,	65,	22,	'2'),
(465,	65,	23,	'4'),
(466,	65,	24,	'1'),
(467,	65,	27,	'4'),
(468,	65,	29,	'3'),
(469,	65,	30,	'3'),
(470,	65,	31,	'4'),
(471,	65,	34,	'4'),
(472,	67,	5,	'4'),
(473,	67,	18,	'2'),
(474,	67,	22,	'4'),
(475,	67,	23,	'1'),
(476,	67,	24,	'2'),
(477,	67,	27,	'2'),
(478,	67,	29,	'4'),
(479,	67,	30,	'1'),
(480,	67,	31,	'4'),
(481,	67,	34,	'2'),
(482,	71,	216,	'1'),
(483,	71,	215,	'2'),
(484,	71,	214,	'3'),
(485,	71,	212,	'3'),
(486,	71,	211,	'3'),
(487,	71,	210,	'4'),
(488,	71,	209,	'1'),
(489,	71,	208,	'2'),
(490,	71,	206,	'3'),
(491,	71,	205,	'3'),
(492,	71,	201,	'3'),
(493,	71,	198,	'3'),
(494,	71,	195,	'3'),
(495,	71,	194,	'3'),
(496,	71,	193,	'3'),
(497,	71,	187,	'3'),
(498,	71,	185,	'2'),
(499,	71,	182,	'2'),
(500,	71,	175,	'3'),
(501,	71,	170,	'1'),
(502,	71,	169,	'3'),
(503,	71,	167,	'2'),
(504,	71,	161,	'2'),
(505,	71,	147,	'2'),
(506,	71,	131,	'2'),
(507,	71,	140,	'3'),
(508,	71,	127,	'3'),
(509,	71,	123,	'3'),
(510,	71,	109,	'3'),
(511,	71,	98,	'3'),
(512,	72,	98,	'2'),
(513,	76,	290,	'1'),
(514,	76,	291,	'1'),
(515,	76,	292,	'1'),
(516,	76,	294,	'1'),
(517,	76,	295,	'1'),
(518,	76,	293,	'1'),
(519,	76,	278,	'3'),
(520,	76,	279,	'1'),
(521,	76,	280,	'3'),
(522,	76,	281,	'1'),
(523,	76,	285,	'1'),
(524,	76,	283,	'2'),
(525,	76,	282,	'1'),
(526,	76,	286,	'1'),
(527,	76,	263,	'2'),
(528,	76,	264,	'2'),
(529,	76,	265,	'2'),
(530,	76,	266,	'1'),
(531,	76,	269,	'1'),
(532,	77,	290,	'2'),
(533,	77,	291,	'4'),
(534,	77,	292,	'1'),
(535,	77,	294,	'1'),
(536,	77,	295,	'2'),
(537,	78,	290,	'1'),
(538,	77,	293,	'4'),
(539,	77,	278,	'3'),
(540,	78,	291,	'1'),
(541,	77,	279,	'2'),
(542,	77,	280,	'1'),
(543,	77,	281,	'2'),
(544,	77,	284,	'2'),
(545,	77,	285,	'2'),
(546,	77,	283,	'3'),
(547,	77,	282,	'2'),
(548,	77,	286,	'3'),
(549,	77,	263,	'2'),
(550,	77,	264,	'3'),
(551,	77,	265,	'4'),
(552,	77,	266,	'2'),
(553,	77,	269,	'3'),
(554,	78,	292,	'3'),
(555,	78,	294,	'3'),
(556,	78,	295,	'3'),
(557,	78,	293,	'3'),
(558,	78,	278,	'1'),
(559,	78,	279,	'1'),
(560,	78,	281,	'4'),
(561,	78,	284,	'1'),
(562,	78,	285,	'4'),
(563,	78,	283,	'4'),
(564,	78,	282,	'1'),
(565,	78,	286,	'3'),
(566,	78,	264,	'3'),
(567,	78,	265,	'2'),
(568,	78,	266,	'4'),
(569,	78,	269,	'1'),
(570,	80,	290,	'2'),
(571,	80,	291,	'2'),
(572,	80,	292,	'3'),
(573,	80,	294,	'3'),
(574,	80,	295,	'1'),
(575,	82,	5,	'2'),
(576,	82,	4,	'3'),
(577,	82,	8,	'1'),
(578,	82,	10,	'2'),
(579,	82,	9,	'4'),
(580,	82,	7,	'3'),
(581,	82,	1,	'2'),
(582,	82,	3,	'4');

DROP TABLE IF EXISTS `user_exams`;
CREATE TABLE `user_exams` (
  `id` bigint NOT NULL AUTO_INCREMENT,
  `user_id` bigint NOT NULL,
  `exam_id` bigint NOT NULL,
  `created` datetime DEFAULT CURRENT_TIMESTAMP,
  `duration` int DEFAULT NULL,
  `cancelled` tinyint(1) DEFAULT '0',
  PRIMARY KEY (`id`),
  KEY `exam_id` (`exam_id`)
) ENGINE=InnoDB DEFAULT CHARSET=utf8mb4 COLLATE=utf8mb4_0900_ai_ci;

INSERT INTO `user_exams` (`id`, `user_id`, `exam_id`, `created`, `duration`, `cancelled`) VALUES
(1,	3,	3,	'2021-03-26 17:56:00',	30,	0),
(2,	3,	2,	'2021-03-26 17:59:00',	30,	0),
(3,	3,	1,	'2021-03-26 18:07:00',	60,	0),
(4,	3,	1,	'2021-03-27 03:29:12',	60,	0),
(5,	3,	3,	'2021-03-27 03:29:36',	30,	1),
(6,	3,	3,	'2021-03-27 04:13:10',	30,	0),
(7,	4,	4,	'2021-03-27 13:30:17',	30,	0),
(8,	4,	1,	'2021-03-27 13:42:25',	60,	0),
(9,	4,	4,	'2021-03-27 13:45:49',	30,	0),
(10,	4,	3,	'2021-03-27 13:46:55',	30,	0),
(11,	4,	4,	'2021-03-27 13:47:23',	30,	0),
(12,	4,	1,	'2021-03-27 13:48:13',	60,	0),
(13,	5,	7,	'2021-03-28 13:11:33',	60,	0),
(14,	6,	7,	'2021-03-28 13:18:25',	60,	0),
(15,	3,	7,	'2021-03-28 13:24:33',	60,	1),
(16,	8,	7,	'2021-03-28 13:29:08',	60,	0),
(17,	8,	7,	'2021-03-28 14:03:58',	60,	0),
(18,	9,	7,	'2021-03-28 14:11:06',	60,	0),
(19,	10,	7,	'2021-03-28 14:14:25',	60,	0),
(20,	10,	7,	'2021-03-28 14:17:27',	60,	0),
(21,	10,	7,	'2021-03-28 14:18:28',	60,	0),
(22,	9,	7,	'2021-03-28 14:21:10',	60,	0),
(23,	10,	7,	'2021-03-28 14:22:16',	60,	0),
(24,	11,	7,	'2021-03-28 14:23:30',	60,	0),
(25,	12,	7,	'2021-03-28 14:24:16',	60,	0),
(26,	13,	7,	'2021-03-28 14:29:23',	60,	0),
(27,	12,	7,	'2021-03-28 14:29:24',	60,	1),
(28,	12,	7,	'2021-03-28 14:29:30',	60,	0),
(29,	10,	7,	'2021-03-28 14:36:22',	60,	0),
(30,	10,	7,	'2021-03-28 14:43:17',	60,	0),
(31,	10,	7,	'2021-03-28 14:46:08',	60,	0),
(32,	10,	7,	'2021-03-28 14:48:46',	60,	0),
(33,	14,	7,	'2021-03-28 14:48:51',	60,	0),
(34,	10,	7,	'2021-03-28 14:50:39',	60,	0),
(35,	10,	7,	'2021-03-28 14:52:19',	60,	1),
(36,	10,	7,	'2021-03-28 14:52:40',	60,	0),
(37,	0,	7,	'2021-03-28 15:06:06',	60,	0),
(38,	3,	7,	'2021-03-28 15:07:13',	60,	0),
(39,	16,	7,	'2021-03-28 15:08:27',	60,	1),
(40,	10,	7,	'2021-03-28 15:09:48',	60,	0),
(41,	10,	7,	'2021-03-28 15:11:51',	60,	0),
(42,	10,	7,	'2021-03-28 15:20:40',	60,	0),
(43,	10,	7,	'2021-03-28 15:20:51',	60,	0),
(44,	10,	7,	'2021-03-28 15:37:42',	60,	0),
(45,	10,	7,	'2021-03-28 15:43:15',	60,	1),
(46,	10,	7,	'2021-03-28 15:43:28',	60,	1),
(47,	15,	7,	'2021-03-28 15:56:17',	60,	0),
(48,	15,	7,	'2021-03-28 16:03:30',	60,	0),
(49,	0,	7,	'2021-03-28 17:14:18',	60,	0),
(50,	10,	7,	'2021-03-28 17:46:36',	60,	0),
(51,	0,	7,	'2021-03-29 06:35:06',	60,	0),
(52,	0,	7,	'2021-03-29 15:25:18',	60,	0),
(53,	10,	7,	'2021-03-30 03:06:57',	60,	0),
(54,	0,	7,	'2021-03-30 05:40:45',	60,	0),
(55,	0,	7,	'2021-03-30 06:12:45',	60,	0),
(56,	0,	7,	'2021-03-30 06:34:29',	60,	0),
(57,	0,	7,	'2021-03-30 06:34:30',	60,	0),
(58,	0,	7,	'2021-03-30 11:20:40',	60,	0),
(59,	0,	7,	'2021-03-30 13:41:29',	60,	0),
(60,	3,	7,	'2021-03-30 15:10:04',	60,	0),
(61,	3,	7,	'2021-04-01 17:47:08',	60,	0),
(62,	3,	7,	'2021-04-01 17:48:13',	60,	0),
(63,	3,	7,	'2021-04-01 17:50:04',	60,	1),
(64,	0,	7,	'2021-04-02 03:37:16',	60,	0),
(65,	3,	9,	'2021-04-02 20:58:22',	10,	0),
(66,	3,	9,	'2021-04-02 21:14:53',	10,	1),
(67,	10,	9,	'2021-04-03 01:13:31',	10,	0),
(68,	10,	9,	'2021-04-03 01:17:01',	10,	1),
(69,	10,	9,	'2021-04-03 01:17:26',	10,	0),
(70,	0,	9,	'2021-04-03 08:48:12',	10,	0),
(71,	3,	10,	'2021-04-04 02:03:19',	60,	0),
(72,	3,	10,	'2021-04-04 02:05:12',	60,	0),
(73,	3,	10,	'2021-04-04 02:05:43',	60,	1),
(74,	3,	10,	'2021-04-04 02:06:04',	60,	0),
(75,	0,	10,	'2021-04-04 03:57:31',	60,	0),
(76,	10,	11,	'2021-04-05 04:10:09',	60,	0),
(77,	17,	11,	'2021-04-05 07:26:31',	60,	0),
(78,	10,	11,	'2021-04-05 07:27:52',	60,	0),
(79,	10,	11,	'2021-04-05 07:37:23',	60,	0),
(80,	18,	11,	'2021-04-05 09:01:43',	60,	0),
(81,	3,	12,	'2021-04-05 16:24:49',	120,	1),
(82,	3,	1,	'2021-04-05 16:30:40',	60,	0);

DROP TABLE IF EXISTS `users`;
CREATE TABLE `users` (
  `id` bigint NOT NULL AUTO_INCREMENT,
  `username` varchar(55) NOT NULL,
  `password` varchar(255) DEFAULT NULL,
  `is_admin` tinyint(1) DEFAULT '0',
  `name` varchar(255) DEFAULT NULL,
  `email` varchar(255) DEFAULT NULL,
  `phone` varchar(55) DEFAULT NULL,
  `address` text,
  `created` datetime DEFAULT NULL,
  `modified` datetime DEFAULT NULL,
  `deleted` tinyint(1) DEFAULT '0',
  PRIMARY KEY (`id`),
  KEY `username` (`username`)
) ENGINE=InnoDB DEFAULT CHARSET=utf8mb4 COLLATE=utf8mb4_0900_ai_ci;

INSERT INTO `users` (`id`, `username`, `password`, `is_admin`, `name`, `email`, `phone`, `address`, `created`, `modified`, `deleted`) VALUES
(1,	'admin',	'c4c118595a45ef7e4e33d4ee9c6d6b494dbf8e39',	1,	'Admin',	'preetham.pawar@gmail.com',	'9494203060',	NULL,	'2021-03-25 11:45:21',	'2021-03-25 11:45:21',	0),
(3,	'preetham',	'20fed2a973223ce96ae0c70bad09f62a5fbdf83b',	0,	'Preetham Pawar',	'preetham.pawar@gmail.com',	'0949 420 3060',	'H.No.3950, Road No.10, Mig Ph 2, Vidyut Nagar, Tellapur',	'2021-03-25 07:48:00',	'2021-03-25 07:48:00',	0),
(4,	'krishnavamshi008',	'03edd80792f169ab48b4ac5d33aec3a9f14986e7',	0,	'KRISHNA VAMSHI',	'krishnavamshi008@gmail.com',	'9866042196',	'zaheerabad',	'2021-03-27 13:29:42',	'2021-03-27 13:29:42',	0),
(5,	'venugopal',	'7874dca581d1710ae997288838203f3352c0e7c9',	0,	'Venu gopal',	'venugopalchunchu3@gmail.com',	'8008166421',	'Hyderabad',	'2021-03-28 13:09:14',	'2021-03-28 13:09:14',	0),
(6,	'Bhanuprasad',	'faf533ac0dec4f26ca39198acddbbf370714dbb0',	0,	'PONUGUPATI BHANUPRASAD',	'bhanup0712@gmail.com',	'7032449537',	'Bhadrachalam',	'2021-03-28 13:17:31',	'2021-03-28 13:17:31',	0),
(7,	' Charan reddy ',	'23ecffcf0b5b0f8e0b43b9eb0beec1eba6356611',	0,	'Charan reddy ',	'basireddygaricharan@gmail.com',	'8790705692',	'Shanthi Nagar\r\nZaheerabad',	'2021-03-28 13:21:14',	'2021-03-28 13:21:14',	0),
(8,	'Srinivas',	'0597793f2790d585f8e35f22198e8910aa6de9dd',	0,	'Yerukala Srinivas ',	'yerukalasrinivas@gmail.com',	'7013639726 ',	'Vill:Anegunta,\r\nM:zaheerabad\r\nDist:sangareddy',	'2021-03-28 13:28:17',	'2021-03-28 13:28:17',	0),
(9,	'Goutham ',	'33069757623fc93dd904e62c30afd9dbb0f550b1',	0,	'moulyagoutham@gmail.com',	'moulyagoutham@gmail.com',	'9490664464 ',	'9-87',	'2021-03-28 14:10:13',	'2021-03-28 14:10:13',	0),
(10,	'admin2',	'7c4a8d09ca3762af61e59520943dc26494f8941b',	0,	'admin2',	'manikanthyadav218@gmail.com',	'9866706360',	'Zhb',	'2021-03-28 14:14:01',	'2021-03-28 14:14:01',	0),
(11,	'sharada',	'7ea2d554023ac5076dc913371f219f88c5a18fbe',	0,	'P Sharada palvatla',	'sharadapalvatla@gmail.com',	'+91855507155',	'',	'2021-03-28 14:22:42',	'2021-03-28 14:22:42',	0),
(12,	'Anil',	'f2231d2871e690a2995704f7a297bd7bc64be720',	0,	'Anil',	'',	'8897631311',	'Zhb',	'2021-03-28 14:23:25',	'2021-03-28 14:23:25',	0),
(13,	'Pawar praveen',	'7c4a8d09ca3762af61e59520943dc26494f8941b',	0,	'Pawar praveen',	'praveendancer046@gmail.com',	'7674862510',	'Siddapoor thanda mandal/kohir ',	'2021-03-28 14:27:02',	'2021-03-28 14:27:02',	0),
(14,	'Jagadish',	'882ad706a1c1c6de574247c42be59d4e84481d71',	0,	'Chouhan',	'chouhanjagadish01@gmail.com',	'9121302038',	'Hothi k ',	'2021-03-28 14:47:36',	'2021-03-28 14:47:36',	0),
(15,	'Sunil chawan',	'7c4a8d09ca3762af61e59520943dc26494f8941b',	0,	'Sunil chawan',	'chawansunil836@gmail.com',	'9100785548',	'Shaikapur',	'2021-03-28 15:05:36',	'2021-03-28 15:05:36',	0),
(16,	'Arjun',	'8104ba1dc0409b259f487ed07db477c38f205a30',	0,	'Jadhav',	'arjunjadav075@gmail.com',	'9908874150',	'Chillepally tanda, mandal jharasangam',	'2021-03-28 15:07:22',	'2021-03-28 15:07:22',	0),
(17,	'hari1979',	'0926c950fe247c3b465eb13e258ee468d239a065',	0,	'Hari',	'ahari@live.com',	'9491381779',	'',	'2021-04-05 07:25:32',	'2021-04-05 07:25:32',	0),
(18,	'jaym',	'7c4a8d09ca3762af61e59520943dc26494f8941b',	0,	'JaYDEEP',	'',	'9550957207',	'',	'2021-04-05 09:01:01',	'2021-04-05 09:01:01',	0);

-- 2021-04-05 16:34:10
